1399734,1741275120,BTC,1586,206951,-0.1473,-0.0986,-0.0703,-nan,0.0000,0,0.0000,0.00,0.0175
1399735,1741275180,BTC,1586,206951,-0.1473,-0.0986,-0.0703,-nan,0.0000,0,0.0000,0.00,0.0175
1399736,1741275240,BTC,1586,206951,-0.1473,-0.0986,-0.0703,-nan,0.0000,0,0.0000,0.00,0.0175
1399737,1741275300,BTC,1586,206951,-0.1473,-0.0986,-0.0703,-nan,0.0000,0,0.0000,0.00,0.0175
1399738,1741275360,BTC,1586,206951,-0.1473,-0.0986,-0.0703,-nan,0.0000,0,0.0000,0.00,0.0175
1399739,1741275420,BTC,1586,206951,-0.1473,-0.0986,-0.0703,-nan,0.0000,0,0.0000,0.00,0.0175
1399740,1741275480,BTC,1586,206951,-0.1473,-0.0986,-0.0703,-nan,0.0000,0,0.0000,0.00,0.0175
1399741,1741275540,BTC,1586,206951,-0.1473,-0.0986,-0.0703,nan,0.0000,0,0.0000,0.00,0.0175
1392208,1776981960,BTC,2500,2500,0.4722,-9.2067,0.0009,nan,-15996.6494,1323876,0.4649,-7948.32,366.0120
1399742,1741275600,BTC,1586,206951,-0.1473,-0.0986,-0.0703,nan,0.0000,0,0.0000,0.00,0.0175
1399743,1741275660,BTC,1586,206951,-0.1473,-0.0986,-0.0703,nan,0.0000,0,0.0000,0.00,0.0175
1399744,1741275720,BTC,1586,206951,-0.1473,-0.0986,-0.0703,-nan,0.0000,0,0.0000,0.00,0.0175
1399745,1741275780,BTC,1586,206951,-0.1473,-0.0986,-0.0703,-nan,0.0000,0,0.0000,0.00,0.0175
1399746,1741275840,BTC,1586,206951,-0.1473,-0.0986,-0.0703,-nan,0.0000,0,0.0000,0.00,0.0175
1399747,1741275900,BTC,1586,206951,-0.1473,-0.0986,-0.0703,-nan,0.0000,0,0.0000,0.00,0.0175
1399748,1741275960,BTC,1586,206951,-0.1473,-0.0986,-0.0703,-nan,0.0000,0,0.0000,0.00,0.0175
1399749,1741276020,BTC,1586,206951,-0.1473,-0.0986,-0.0703,-nan,0.0000,0,0.0000,0.00,0.0175
1399750,1741276080,BTC,1586,206951,-0.1473,-0.0986,-0.0703,-nan,0.0000,0,0.0000,0.00,0.0175
1399751,1741276140,BTC,1586,206951,-0.1473,-0.0986,-0.0703,-nan,0.0000,0,0.0000,0.00,0.0175
1399752,1741276200,BTC,1586,206951,-0.1473,-0.0986,-0.0703,nan,0.0000,0,0.0000,0.00,0.0175
1399753,1741276260,BTC,1586,206951,-0.1473,-0.0986,-0.0703,nan,0.0000,0,0.0000,0.00,0.0175
1399754,1741276380,BTC,1586,206951,-0.1473,-0.0986,-0.0703,-nan,0.0000,0,0.0000,0.00,0.0175
1399755,1741276440,BTC,1586,206951,-0.1473,-0.0986,-0.0703,-nan,0.0000,0,0.0000,0.00,0.0175
1399756,1741276500,BTC,1586,206951,-0.1473,-0.0986,-0.0703,-nan,0.0000,0,0.0000,0.00,0.0175
1399757,1741276560,BTC,1586,206951,-0.1473,-0.0986,-0.0703,-nan,0.0000,0,0.0000,0.00,0.0175
1399758,1741276620,BTC,1586,206951,-0.1473,-0.0986,-0.0703,-nan,0.0000,0,0.0000,0.00,0.0175
1392209,1776982020,BTC,2500,2500,0.4722,-9.2067,0.0009,nan,-15996.6885,1323877,0.4649,-7948.34,366.0120
1399759,1741276680,BTC,1586,206951,-0.1473,-0.0986,-0.0703,-nan,0.0000,0,0.0000,0.00,0.0175
1399760,1741276740,BTC,1586,206951,-0.1473,-0.0986,-0.0703,-nan,0.0000,0,0.0000,0.00,0.0175
1399761,1741276800,BTC,1586,206951,-0.1473,-0.0986,-0.0703,-nan,0.0000,0,0.0000,0.00,0.0175
1399762,1741276860,BTC,1586,206951,-0.1473,-0.0986,-0.0703,-nan,0.0000,0,0.0000,0.00,0.0175
1399763,1741276920,BTC,1586,206951,-0.1473,-0.0986,-0.0703,-nan,0.0000,0,0.0000,0.00,0.0175
1399764,1741276980,BTC,1586,206951,-0.1473,-0.0986,-0.0703,-nan,0.0000,0,0.0000,0.00,0.0175
1399765,1741277040,BTC,1586,206951,-0.1473,-0.0986,-0.0703,-nan,0.0000,0,0.0000,0.00,0.0175
1399766,1741277100,BTC,1586,206951,-0.1473,-0.0986,-0.0703,-nan,0.0000,0,0.0000,0.00,0.0175
1399767,1741277160,BTC,1586,206951,-0.1473,-0.0986,-0.0703,-nan,0.0000,0,0.0000,0.00,0.0175
1399768,1741277220,BTC,1586,206951,-0.1473,-0.0986,-0.0703,-nan,0.0000,0,0.0000,0.00,0.0175
1399769,1741277280,BTC,1586,206951,-0.1473,-0.0986,-0.0703,-nan,0.0000,0,0.0000,0.00,0.0175
1399770,1741277340,BTC,1586,206951,-0.1473,-0.0986,-0.0703,-nan,0.0000,0,0.0000,0.00,0.0175
1399771,1741277400,BTC,1586,206951,-0.1473,-0.0986,-0.0703,-nan,0.0000,0,0.0000,0.00,0.0175
1399772,1741277460,BTC,1586,206951,-0.1473,-0.0986,-0.0703,-nan,0.0000,0,0.0000,0.00,0.0175
1399773,1741277520,BTC,1586,206951,-0.1473,-0.0986,-0.0703,-nan,0.0000,0,0.0000,0.00,0.0175
1399774,1741277580,BTC,1586,206951,-0.1473,-0.0986,-0.0703,-nan,0.0000,0,0.0000,0.00,0.0175
1392210,1776982080,BTC,2500,2500,0.4722,-9.2067,0.0009,nan,-15996.7305,1323878,0.4649,-7948.36,366.0120
1399775,1741277640,BTC,1586,206951,-0.1473,-0.0986,-0.0703,-nan,0.0000,0,0.0000,0.00,0.0175
1399776,1741277700,BTC,1586,206951,-0.1473,-0.0986,-0.0703,-nan,0.0000,0,0.0000,0.00,0.0175
1399777,1741277760,BTC,1586,206951,-0.1473,-0.0986,-0.0703,-nan,0.0000,0,0.0000,0.00,0.0175
1399778,1741277820,BTC,1586,206951,-0.1473,-0.0986,-0.0703,-nan,0.0000,0,0.0000,0.00,0.0175
1399779,1741277880,BTC,1586,206951,-0.1473,-0.0986,-0.0703,-nan,0.0000,0,0.0000,0.00,0.0175
1399780,1741277940,BTC,1586,206951,-0.1473,-0.0986,-0.0703,-nan,0.0000,0,0.0000,0.00,0.0175
1399781,1741278000,BTC,1586,206951,-0.1473,-0.0986,-0.0703,-nan,0.0000,0,0.0000,0.00,0.0175
1399782,1741278060,BTC,1586,206951,-0.1473,-0.0986,-0.0703,-nan,0.0000,0,0.0000,0.00,0.0175
1399783,1741278120,BTC,1586,206951,-0.1473,-0.0986,-0.0703,-nan,0.0000,0,0.0000,0.00,0.0175
1399784,1741278180,BTC,1586,206951,-0.1473,-0.0986,-0.0703,-nan,0.0000,0,0.0000,0.00,0.0175
1399785,1741278240,BTC,1586,206951,-0.1473,-0.0986,-0.0703,-nan,0.0000,0,0.0000,0.00,0.0175
1399786,1741278300,BTC,1586,206951,-0.1473,-0.0986,-0.0703,-nan,0.0000,0,0.0000,0.00,0.0175
1392211,1776982140,BTC,2500,2500,0.4722,-9.2067,0.0009,nan,-15996.7695,1323879,0.4649,-7948.38,366.0120
1399787,1741278360,BTC,1586,206951,-0.1473,-0.0986,-0.0703,nan,0.0000,0,0.0000,0.00,0.0175
1399788,1741278420,BTC,1586,206951,-0.1473,-0.0986,-0.0703,nan,0.0000,0,0.0000,0.00,0.0175
1399789,1741278480,BTC,1586,206951,-0.1473,-0.0986,-0.0703,nan,0.0000,0,0.0000,0.00,0.0175
1399790,1741278540,BTC,1586,206951,-0.1473,-0.0986,-0.0703,-nan,0.0000,0,0.0000,0.00,0.0175
1399791,1741278600,BTC,1586,206951,-0.1473,-0.0986,-0.0703,-nan,0.0000,0,0.0000,0.00,0.0175
1399792,1741278660,BTC,1586,206951,-0.1473,-0.0986,-0.0703,-nan,0.0000,0,0.0000,0.00,0.0175
1399793,1741278720,BTC,1586,206951,-0.1473,-0.0986,-0.0703,-nan,0.0000,0,0.0000,0.00,0.0175
1399794,1741278780,BTC,1586,206951,-0.1473,-0.0986,-0.0703,-nan,0.0000,0,0.0000,0.00,0.0175
1399795,1741278840,BTC,1586,206951,-0.1473,-0.0986,-0.0703,-nan,0.0000,0,0.0000,0.00,0.0175
1399796,1741278900,BTC,1586,206951,-0.1473,-0.0986,-0.0703,-nan,0.0000,0,0.0000,0.00,0.0175
1399797,1741278960,BTC,1586,206951,-0.1473,-0.0986,-0.0703,-nan,0.0000,0,0.0000,0.00,0.0175
1399798,1741279020,BTC,1586,206951,-0.1473,-0.0986,-0.0703,-nan,0.0000,0,0.0000,0.00,0.0175
1399799,1741279080,BTC,1586,206951,-0.1473,-0.0986,-0.0703,-nan,0.0000,0,0.0000,0.00,0.0175
1399800,1741279140,BTC,1586,206951,-0.1473,-0.0986,-0.0703,-nan,0.0000,0,0.0000,0.00,0.0175
1399801,1741279200,BTC,1586,206951,-0.1473,-0.0986,-0.0703,-nan,0.0000,0,0.0000,0.00,0.0175
1399802,1741279260,BTC,1586,206951,-0.1473,-0.0986,-0.0703,-nan,0.0000,0,0.0000,0.00,0.0175
1392212,1776982200,BTC,2500,2500,0.4722,-9.2067,0.0009,nan,-15996.8096,1323880,0.4649,-7948.40,366.0120
1399803,1741279320,BTC,1586,206951,-0.1473,-0.0986,-0.0703,-nan,0.0000,0,0.0000,0.00,0.0175
1399804,1741279380,BTC,1586,206951,-0.1473,-0.0986,-0.0703,-nan,0.0000,0,0.0000,0.00,0.0175
1399805,1741279440,BTC,1586,206951,-0.1473,-0.0986,-0.0703,-nan,0.0000,0,0.0000,0.00,0.0175
1399806,1741279500,BTC,1586,206951,-0.1473,-0.0986,-0.0703,-nan,0.0000,0,0.0000,0.00,0.0175
1399807,1741279560,BTC,1586,206951,-0.1473,-0.0986,-0.0703,-nan,0.0000,0,0.0000,0.00,0.0175
1399808,1741279620,BTC,1586,206951,-0.1473,-0.0986,-0.0703,-nan,0.0000,0,0.0000,0.00,0.0175
1399809,1741279680,BTC,1586,206951,-0.1473,-0.0986,-0.0703,-nan,0.0000,0,0.0000,0.00,0.0175
1399810,1741279740,BTC,1586,206951,-0.1473,-0.0986,-0.0703,-nan,0.0000,0,0.0000,0.00,0.0175
1399811,1741279800,BTC,1586,206951,-0.1473,-0.0986,-0.0703,-nan,0.0000,0,0.0000,0.00,0.0175
1399812,1741279860,BTC,1586,206951,-0.1473,-0.0986,-0.0703,-nan,0.0000,0,0.0000,0.00,0.0175
1399813,1741279920,BTC,1586,206951,-0.1473,-0.0986,-0.0703,-nan,0.0000,0,0.0000,0.00,0.0175
1399814,1741279980,BTC,1586,206951,-0.1473,-0.0986,-0.0703,-nan,0.0000,0,0.0000,0.00,0.0175
1399815,1741280040,BTC,1586,206951,-0.1473,-0.0986,-0.0703,nan,0.0000,0,0.0000,0.00,0.0175
1399816,1741280100,BTC,1586,206951,-0.1473,-0.0986,-0.0703,nan,0.0000,0,0.0000,0.00,0.0175
1399817,1741280160,BTC,1586,206951,-0.1473,-0.0986,-0.0703,nan,0.0000,0,0.0000,0.00,0.0175
1399818,1741280220,BTC,1586,206951,-0.1473,-0.0986,-0.0703,nan,0.0000,0,0.0000,0.00,0.0175
1399819,1741280280,BTC,1586,206951,-0.1473,-0.0986,-0.0703,nan,0.0000,0,0.0000,0.00,0.0175
1392213,1776982260,BTC,2500,2500,0.4722,-9.2067,0.0009,nan,-15996.7891,1323881,0.4649,-7948.39,366.0120
1399820,1741280340,BTC,1586,206951,-0.1473,-0.0986,-0.0703,nan,0.0000,0,0.0000,0.00,0.0175
1399821,1741280400,BTC,1586,206951,-0.1473,-0.0986,-0.0703,nan,0.0000,0,0.0000,0.00,0.0175
1399822,1741280460,BTC,1586,206951,-0.1473,-0.0986,-0.0703,nan,0.0000,0,0.0000,0.00,0.0175
1399823,1741280520,BTC,1586,206951,-0.1473,-0.0986,-0.0703,nan,0.0000,0,0.0000,0.00,0.0175
1399824,1741280580,BTC,1586,206951,-0.1473,-0.0986,-0.0703,nan,0.0000,0,0.0000,0.00,0.0175
1399825,1741280640,BTC,1586,206951,-0.1473,-0.0986,-0.0703,nan,0.0000,0,0.0000,0.00,0.0175
1399826,1741280700,BTC,1586,206951,-0.1473,-0.0986,-0.0703,nan,0.0000,0,0.0000,0.00,0.0175
1399827,1741280760,BTC,1586,206951,-0.1473,-0.0986,-0.0703,nan,0.0000,0,0.0000,0.00,0.0175
1399828,1741280820,BTC,1586,206951,-0.1473,-0.0986,-0.0703,-nan,0.0000,0,0.0000,0.00,0.0175
1399829,1741280880,BTC,1586,206951,-0.1473,-0.0986,-0.0703,-nan,0.0000,0,0.0000,0.00,0.0175
1399830,1741280940,BTC,1586,206951,-0.1473,-0.0986,-0.0703,-nan,0.0000,0,0.0000,0.00,0.0175
1399831,1741281000,BTC,1586,206951,-0.1473,-0.0986,-0.0703,-nan,0.0000,0,0.0000,0.00,0.0175
1399832,1741281060,BTC,1586,206951,-0.1473,-0.0986,-0.0703,-nan,0.0000,0,0.0000,0.00,0.0175
1399833,1741281120,BTC,1586,206951,-0.1473,-0.0986,-0.0703,-nan,0.0000,0,0.0000,0.00,0.0175
1399834,1741281180,BTC,1586,206951,-0.1473,-0.0986,-0.0703,-nan,0.0000,0,0.0000,0.00,0.0175
1399835,1741281240,BTC,1586,206951,-0.1473,-0.0986,-0.0703,-nan,0.0000,0,0.0000,0.00,0.0175
1392214,1776982320,BTC,2500,2500,0.4722,-9.2067,0.0009,nan,-15996.7686,1323882,0.4649,-7948.38,366.0120
1399836,1741281300,BTC,1586,206951,-0.1473,-0.0986,-0.0703,-nan,0.0000,0,0.0000,0.00,0.0175
1399837,1741281360,BTC,1586,206951,-0.1473,-0.0986,-0.0703,-nan,0.0000,0,0.0000,0.00,0.0175
1399838,1741281420,BTC,1586,206951,-0.1473,-0.0986,-0.0703,-nan,0.0000,0,0.0000,0.00,0.0175
1399839,1741281480,BTC,1586,206951,-0.1473,-0.0986,-0.0703,-nan,0.0000,0,0.0000,0.00,0.0175
1399840,1741281540,BTC,1586,206951,-0.1473,-0.0986,-0.0703,-nan,0.0000,0,0.0000,0.00,0.0175
1399841,1741281600,BTC,1586,206951,-0.1473,-0.0986,-0.0703,-nan,0.0000,0,0.0000,0.00,0.0175
1399842,1741281660,BTC,1586,206951,-0.1473,-0.0986,-0.0703,-nan,0.0000,0,0.0000,0.00,0.0175
1399843,1741281720,BTC,1586,206951,-0.1473,-0.0986,-0.0703,-nan,0.0000,0,0.0000,0.00,0.0175
1399844,1741281780,BTC,1586,206951,-0.1473,-0.0986,-0.0703,-nan,0.0000,0,0.0000,0.00,0.0175
1399845,1741281840,BTC,1586,206951,-0.1473,-0.0986,-0.0703,-nan,0.0000,0,0.0000,0.00,0.0175
1399846,1741281900,BTC,1586,206951,-0.1473,-0.0986,-0.0703,-nan,0.0000,0,0.0000,0.00,0.0175
1399847,1741281960,BTC,1586,206951,-0.1473,-0.0986,-0.0703,-nan,0.0000,0,0.0000,0.00,0.0175
1399848,1741282020,BTC,1586,206951,-0.1473,-0.0986,-0.0703,-nan,0.0000,0,0.0000,0.00,0.0175
1399849,1741282080,BTC,1586,206951,-0.1473,-0.0986,-0.0703,-nan,0.0000,0,0.0000,0.00,0.0175
1399850,1741282140,BTC,1586,206951,-0.1473,-0.0986,-0.0703,-nan,0.0000,0,0.0000,0.00,0.0175
1399851,1741282200,BTC,1586,206951,-0.1473,-0.0986,-0.0703,-nan,0.0000,0,0.0000,0.00,0.0175
1399852,1741282260,BTC,1586,206951,-0.1473,-0.0986,-0.0703,-nan,0.0000,0,0.0000,0.00,0.0175
1392215,1776982380,BTC,2500,2500,0.4722,-9.2067,0.0009,nan,-15996.8076,1323883,0.4649,-7948.40,366.0120
1399853,1741282320,BTC,1586,206951,-0.1473,-0.0986,-0.0703,-nan,0.0000,0,0.0000,0.00,0.0175
1399854,1741282380,BTC,1586,206951,-0.1473,-0.0986,-0.0703,-nan,0.0000,0,0.0000,0.00,0.0175
1399855,1741282440,BTC,1586,206951,-0.1473,-0.0986,-0.0703,-nan,0.0000,0,0.0000,0.00,0.0175
1399856,1741282500,BTC,1586,206951,-0.1473,-0.0986,-0.0703,-nan,0.0000,0,0.0000,0.00,0.0175
1399857,1741282560,BTC,1586,206951,-0.1473,-0.0986,-0.0703,-nan,0.0000,0,0.0000,0.00,0.0175
1399858,1741282620,BTC,1586,206951,-0.1473,-0.0986,-0.0703,-nan,0.0000,0,0.0000,0.00,0.0175
1399859,1741282680,BTC,1586,206951,-0.1473,-0.0986,-0.0703,-nan,0.0000,0,0.0000,0.00,0.0175
1399860,1741282740,BTC,1586,206951,-0.1473,-0.0986,-0.0703,-nan,0.0000,0,0.0000,0.00,0.0175
1399861,1741282800,BTC,1586,206951,-0.1473,-0.0986,-0.0703,-nan,0.0000,0,0.0000,0.00,0.0175
1399862,1741282860,BTC,1586,206951,-0.1473,-0.0986,-0.0703,-nan,0.0000,0,0.0000,0.00,0.0175
1399863,1741282920,BTC,1586,206951,-0.1473,-0.0986,-0.0703,-nan,0.0000,0,0.0000,0.00,0.0175
1399864,1741282980,BTC,1586,206951,-0.1473,-0.0986,-0.0703,-nan,0.0000,0,0.0000,0.00,0.0175
1392216,1776982440,BTC,2500,2500,0.4722,-9.2067,0.0009,nan,-15996.7881,1323884,0.4649,-7948.39,366.0120
1399865,1741283040,BTC,1586,206951,-0.1473,-0.0986,-0.0703,-nan,0.0000,0,0.0000,0.00,0.0175
1399866,1741283100,BTC,1586,206951,-0.1473,-0.0986,-0.0703,-nan,0.0000,0,0.0000,0.00,0.0175
1399867,1741283160,BTC,1586,206951,-0.1473,-0.0986,-0.0703,-nan,0.0000,0,0.0000,0.00,0.0175
1399868,1741283220,BTC,1586,206951,-0.1473,-0.0986,-0.0703,-nan,0.0000,0,0.0000,0.00,0.0175
1399869,1741283280,BTC,1586,206951,-0.1473,-0.0986,-0.0703,-nan,0.0000,0,0.0000,0.00,0.0175
1399870,1741283340,BTC,1586,206951,-0.1473,-0.0986,-0.0703,-nan,0.0000,0,0.0000,0.00,0.0175
1399871,1741283400,BTC,1586,206951,-0.1473,-0.0986,-0.0703,nan,0.0000,0,0.0000,0.00,0.0175
1399872,1741283460,BTC,1586,206951,-0.1473,-0.0986,-0.0703,-nan,0.0000,0,0.0000,0.00,0.0175
1399873,1741283520,BTC,1586,206951,-0.1473,-0.0986,-0.0703,-nan,0.0000,0,0.0000,0.00,0.0175
1399874,1741283580,BTC,1586,206951,-0.1473,-0.0986,-0.0703,-nan,0.0000,0,0.0000,0.00,0.0175
1399875,1741283640,BTC,1586,206951,-0.1473,-0.0986,-0.0703,-nan,0.0000,0,0.0000,0.00,0.0175
1399876,1741283700,BTC,1586,206951,-0.1473,-0.0986,-0.0703,-nan,0.0000,0,0.0000,0.00,0.0175
1399877,1741283760,BTC,1586,206951,-0.1473,-0.0986,-0.0703,-nan,0.0000,0,0.0000,0.00,0.0175
1399878,1741283820,BTC,1586,206951,-0.1473,-0.0986,-0.0703,-nan,0.0000,0,0.0000,0.00,0.0175
1399879,1741283880,BTC,1586,206951,-0.1473,-0.0986,-0.0703,nan,0.0000,0,0.0000,0.00,0.0175
1399880,1741283940,BTC,1586,206951,-0.1473,-0.0986,-0.0703,-nan,0.0000,0,0.0000,0.00,0.0175
1392217,1776982500,BTC,2500,2500,0.4722,-9.2067,0.0009,nan,-15996.7686,1323885,0.4649,-7948.38,366.0120
1399881,1741284000,BTC,1586,206951,-0.1473,-0.0986,-0.0703,-nan,0.0000,0,0.0000,0.00,0.0175
1399882,1741284060,BTC,1586,206951,-0.1473,-0.0986,-0.0703,nan,0.0000,0,0.0000,0.00,0.0175
1399883,1741284120,BTC,1586,206951,-0.1473,-0.0986,-0.0703,nan,0.0000,0,0.0000,0.00,0.0175
1399884,1741284180,BTC,1586,206951,-0.1473,-0.0986,-0.0703,-nan,0.0000,0,0.0000,0.00,0.0175
1399885,1741284240,BTC,1586,206951,-0.1473,-0.0986,-0.0703,-nan,0.0000,0,0.0000,0.00,0.0175
1399886,1741284300,BTC,1586,206951,-0.1473,-0.0986,-0.0703,-nan,0.0000,0,0.0000,0.00,0.0175
1399887,1741284360,BTC,1586,206951,-0.1473,-0.0986,-0.0703,-nan,0.0000,0,0.0000,0.00,0.0175
1399888,1741284420,BTC,1586,206951,-0.1473,-0.0986,-0.0703,-nan,0.0000,0,0.0000,0.00,0.0175
1399889,1741284480,BTC,1586,206951,-0.1473,-0.0986,-0.0703,-nan,0.0000,0,0.0000,0.00,0.0175
1399890,1741284540,BTC,1586,206951,-0.1473,-0.0986,-0.0703,-nan,0.0000,0,0.0000,0.00,0.0175
1399891,1741284600,BTC,1586,206951,-0.1473,-0.0986,-0.0703,-nan,0.0000,0,0.0000,0.00,0.0175
1399892,1741284660,BTC,1586,206951,-0.1473,-0.0986,-0.0703,-nan,0.0000,0,0.0000,0.00,0.0175
1399893,1741284720,BTC,1586,206951,-0.1473,-0.0986,-0.0703,-nan,0.0000,0,0.0000,0.00,0.0175
1399894,1741284780,BTC,1586,206951,-0.1473,-0.0986,-0.0703,-nan,0.0000,0,0.0000,0.00,0.0175
1399895,1741284840,BTC,1586,206951,-0.1473,-0.0986,-0.0703,-nan,0.0000,0,0.0000,0.00,0.0175
1399896,1741284900,BTC,1586,206951,-0.1473,-0.0986,-0.0703,-nan,0.0000,0,0.0000,0.00,0.0175
1392218,1776982560,BTC,2500,2500,0.4722,-9.2067,0.0009,nan,-15996.8076,1323886,0.4649,-7948.40,366.0120
1399897,1741284960,BTC,1586,206951,-0.1473,-0.0986,-0.0703,-nan,0.0000,0,0.0000,0.00,0.0175
1399898,1741285020,BTC,1586,206951,-0.1473,-0.0986,-0.0703,-nan,0.0000,0,0.0000,0.00,0.0175
1399899,1741285080,BTC,1586,206951,-0.1473,-0.0986,-0.0703,-nan,0.0000,0,0.0000,0.00,0.0175
1399900,1741285140,BTC,1586,206951,-0.1473,-0.0986,-0.0703,nan,0.0000,0,0.0000,0.00,0.0175
1399901,1741285200,BTC,1586,206951,-0.1473,-0.0986,-0.0703,-nan,0.0000,0,0.0000,0.00,0.0175
1399902,1741285260,BTC,1586,206951,-0.1473,-0.0986,-0.0703,-nan,0.0000,0,0.0000,0.00,0.0175
1399903,1741285320,BTC,1586,206951,-0.1473,-0.0986,-0.0703,-nan,0.0000,0,0.0000,0.00,0.0175
1399904,1741285380,BTC,1586,206951,-0.1473,-0.0986,-0.0703,-nan,0.0000,0,0.0000,0.00,0.0175
1399905,1741285440,BTC,1586,206951,-0.1473,-0.0986,-0.0703,-nan,0.0000,0,0.0000,0.00,0.0175
1399906,1741285500,BTC,1586,206951,-0.1473,-0.0986,-0.0703,-nan,0.0000,0,0.0000,0.00,0.0175
1399907,1741285560,BTC,1586,206951,-0.1473,-0.0986,-0.0703,-nan,0.0000,0,0.0000,0.00,0.0175
1399908,1741285620,BTC,1586,206951,-0.1473,-0.0986,-0.0703,-nan,0.0000,0,0.0000,0.00,0.0175
1399909,1741285680,BTC,1586,206951,-0.1473,-0.0986,-0.0703,-nan,0.0000,0,0.0000,0.00,0.0175
1399910,1741285740,BTC,1586,206951,-0.1473,-0.0986,-0.0703,-nan,0.0000,0,0.0000,0.00,0.0175
1399911,1741285800,BTC,1586,206951,-0.1473,-0.0986,-0.0703,-nan,0.0000,0,0.0000,0.00,0.0175
1392219,1776982620,BTC,2500,2500,0.4722,-9.2067,0.0009,nan,-15996.8477,1323887,0.4649,-7948.42,366.0120
1399912,1741285860,BTC,1586,206951,-0.1473,-0.0986,-0.0703,-nan,0.0000,0,0.0000,0.00,0.0175
1399913,1741285920,BTC,1586,206951,-0.1473,-0.0986,-0.0703,-nan,0.0000,0,0.0000,0.00,0.0175
1399914,1741285980,BTC,1586,206951,-0.1473,-0.0986,-0.0703,-nan,0.0000,0,0.0000,0.00,0.0175
1399915,1741286040,BTC,1586,206951,-0.1473,-0.0986,-0.0703,-nan,0.0000,0,0.0000,0.00,0.0175
1399916,1741286100,BTC,1586,206951,-0.1473,-0.0986,-0.0703,-nan,0.0000,0,0.0000,0.00,0.0175
1399917,1741286160,BTC,1586,206951,-0.1473,-0.0986,-0.0703,-nan,0.0000,0,0.0000,0.00,0.0175
1399918,1741286220,BTC,1586,206951,-0.1473,-0.0986,-0.0703,-nan,0.0000,0,0.0000,0.00,0.0175
1399919,1741286280,BTC,1586,206951,-0.1473,-0.0986,-0.0703,-nan,0.0000,0,0.0000,0.00,0.0175
1399920,1741286340,BTC,1586,206951,-0.1473,-0.0986,-0.0703,-nan,0.0000,0,0.0000,0.00,0.0175
1399921,1741286400,BTC,1586,206951,-0.1473,-0.0986,-0.0703,-nan,0.0000,0,0.0000,0.00,0.0175
1399922,1741286460,BTC,1586,206951,-0.1473,-0.0986,-0.0703,-nan,0.0000,0,0.0000,0.00,0.0175
1399923,1741286520,BTC,1586,206951,-0.1473,-0.0986,-0.0703,nan,0.0000,0,0.0000,0.00,0.0175
1399924,1741286580,BTC,1586,206951,-0.1473,-0.0986,-0.0703,nan,0.0000,0,0.0000,0.00,0.0175
1399925,1741286640,BTC,1586,206951,-0.1473,-0.0986,-0.0703,-nan,0.0000,0,0.0000,0.00,0.0175
1399926,1741286700,BTC,1586,206951,-0.1473,-0.0986,-0.0703,-nan,0.0000,0,0.0000,0.00,0.0175
1399927,1741286760,BTC,1586,206951,-0.1473,-0.0986,-0.0703,-nan,0.0000,0,0.0000,0.00,0.0175
1392220,1776982680,BTC,2500,2500,0.4722,-9.2067,0.0009,nan,-15996.8281,1323888,0.4649,-7948.41,366.0120
1399928,1741286820,BTC,1586,206951,-0.1473,-0.0986,-0.0703,-nan,0.0000,0,0.0000,0.00,0.0175
1399929,1741286880,BTC,1586,206951,-0.1473,-0.0986,-0.0703,-nan,0.0000,0,0.0000,0.00,0.0175
1399930,1741286940,BTC,1586,206951,-0.1473,-0.0986,-0.0703,-nan,0.0000,0,0.0000,0.00,0.0175
1399931,1741287000,BTC,1586,206951,-0.1473,-0.0986,-0.0703,-nan,0.0000,0,0.0000,0.00,0.0175
1399932,1741287060,BTC,1586,206951,-0.1473,-0.0986,-0.0703,-nan,0.0000,0,0.0000,0.00,0.0175
1399933,1741287120,BTC,1586,206951,-0.1473,-0.0986,-0.0703,-nan,0.0000,0,0.0000,0.00,0.0175
1399934,1741287180,BTC,1586,206951,-0.1473,-0.0986,-0.0703,-nan,0.0000,0,0.0000,0.00,0.0175
1399935,1741287240,BTC,1586,206951,-0.1473,-0.0986,-0.0703,-nan,0.0000,0,0.0000,0.00,0.0175
1399936,1741287300,BTC,1586,206951,-0.1473,-0.0986,-0.0703,-nan,0.0000,0,0.0000,0.00,0.0175
1399937,1741287360,BTC,1586,206951,-0.1473,-0.0986,-0.0703,-nan,0.0000,0,0.0000,0.00,0.0175
1399938,1741287420,BTC,1586,206951,-0.1473,-0.0986,-0.0703,-nan,0.0000,0,0.0000,0.00,0.0175
1399939,1741287480,BTC,1586,206951,-0.1473,-0.0986,-0.0703,-nan,0.0000,0,0.0000,0.00,0.0175
1392221,1776982740,BTC,2500,2500,0.4722,-9.2067,0.0009,nan,-15996.8066,1323889,0.4649,-7948.40,366.0120
1399940,1741287540,BTC,1586,206951,-0.1473,-0.0986,-0.0703,-nan,0.0000,0,0.0000,0.00,0.0175
1399941,1741287600,BTC,1586,206951,-0.1473,-0.0986,-0.0703,-nan,0.0000,0,0.0000,0.00,0.0175
1399942,1741287660,BTC,1586,206951,-0.1473,-0.0986,-0.0703,-nan,0.0000,0,0.0000,0.00,0.0175
1399943,1741287720,BTC,1586,206951,-0.1473,-0.0986,-0.0703,nan,0.0000,0,0.0000,0.00,0.0175
1399944,1741287780,BTC,1586,206951,-0.1473,-0.0986,-0.0703,nan,0.0000,0,0.0000,0.00,0.0175
1399945,1741287840,BTC,1586,206951,-0.1473,-0.0986,-0.0703,-nan,0.0000,0,0.0000,0.00,0.0175
1399946,1741287900,BTC,1586,206951,-0.1473,-0.0986,-0.0703,-nan,0.0000,0,0.0000,0.00,0.0175
1399947,1741287960,BTC,1586,206951,-0.1473,-0.0986,-0.0703,-nan,0.0000,0,0.0000,0.00,0.0175
1399948,1741288020,BTC,1586,206951,-0.1473,-0.0986,-0.0703,-nan,0.0000,0,0.0000,0.00,0.0175
1399949,1741288080,BTC,1586,206951,-0.1473,-0.0986,-0.0703,-nan,0.0000,0,0.0000,0.00,0.0175
1399950,1741288140,BTC,1586,206951,-0.1473,-0.0986,-0.0703,-nan,0.0000,0,0.0000,0.00,0.0175
1399951,1741288200,BTC,1586,206951,-0.1473,-0.0986,-0.0703,-nan,0.0000,0,0.0000,0.00,0.0175
1399952,1741288260,BTC,1586,206951,-0.1473,-0.0986,-0.0703,-nan,0.0000,0,0.0000,0.00,0.0175
1399953,1741288320,BTC,1586,206951,-0.1473,-0.0986,-0.0703,-nan,0.0000,0,0.0000,0.00,0.0175
1399954,1741288380,BTC,1586,206951,-0.1473,-0.0986,-0.0703,-nan,0.0000,0,0.0000,0.00,0.0175
1399955,1741288440,BTC,1586,206951,-0.1473,-0.0986,-0.0703,-nan,0.0000,0,0.0000,0.00,0.0175
1392222,1776982800,BTC,2500,2500,0.4722,-9.2067,0.0009,nan,-15996.8457,1323890,0.4649,-7948.42,366.0120
1399956,1741288500,BTC,1586,206951,-0.1473,-0.0986,-0.0703,-nan,0.0000,0,0.0000,0.00,0.0175
1399957,1741288560,BTC,1586,206951,-0.1473,-0.0986,-0.0703,-nan,0.0000,0,0.0000,0.00,0.0175
1399958,1741288620,BTC,1586,206951,-0.1473,-0.0986,-0.0703,-nan,0.0000,0,0.0000,0.00,0.0175
1399959,1741288680,BTC,1586,206951,-0.1473,-0.0986,-0.0703,-nan,0.0000,0,0.0000,0.00,0.0175
1399960,1741288740,BTC,1586,206951,-0.1473,-0.0986,-0.0703,-nan,0.0000,0,0.0000,0.00,0.0175
1399961,1741288800,BTC,1586,206951,-0.1473,-0.0986,-0.0703,-nan,0.0000,0,0.0000,0.00,0.0175
1399962,1741288860,BTC,1586,206951,-0.1473,-0.0986,-0.0703,-nan,0.0000,0,0.0000,0.00,0.0175
1399963,1741288920,BTC,1586,206951,-0.1473,-0.0986,-0.0703,-nan,0.0000,0,0.0000,0.00,0.0175
1399964,1741288980,BTC,1586,206951,-0.1473,-0.0986,-0.0703,-nan,0.0000,0,0.0000,0.00,0.0175
1399965,1741289040,BTC,1586,206951,-0.1473,-0.0986,-0.0703,-nan,0.0000,0,0.0000,0.00,0.0175
1399966,1741289100,BTC,1586,206951,-0.1473,-0.0986,-0.0703,-nan,0.0000,0,0.0000,0.00,0.0175
1399967,1741289160,BTC,1586,206951,-0.1473,-0.0986,-0.0703,-nan,0.0000,0,0.0000,0.00,0.0175
1399968,1741289220,BTC,1586,206951,-0.1473,-0.0986,-0.0703,-nan,0.0000,0,0.0000,0.00,0.0175
1399969,1741289280,BTC,1586,206951,-0.1473,-0.0986,-0.0703,-nan,0.0000,0,0.0000,0.00,0.0175
1399970,1741289340,BTC,1586,206951,-0.1473,-0.0986,-0.0703,-nan,0.0000,0,0.0000,0.00,0.0175
1399971,1741289400,BTC,1586,206951,-0.1473,-0.0986,-0.0703,-nan,0.0000,0,0.0000,0.00,0.0175
1399972,1741289460,BTC,1586,206951,-0.1473,-0.0986,-0.0703,-nan,0.0000,0,0.0000,0.00,0.0175
1392223,1776982860,BTC,2500,2500,0.4722,-9.2067,0.0009,nan,-15996.8262,1323891,0.4649,-7948.41,366.0120
1399973,1741289520,BTC,1586,206951,-0.1473,-0.0986,-0.0703,-nan,0.0000,0,0.0000,0.00,0.0175
1399974,1741289580,BTC,1586,206951,-0.1473,-0.0986,-0.0703,-nan,0.0000,0,0.0000,0.00,0.0175
1399975,1741289640,BTC,1586,206951,-0.1473,-0.0986,-0.0703,-nan,0.0000,0,0.0000,0.00,0.0175
1399976,1741289700,BTC,1586,206951,-0.1473,-0.0986,-0.0703,-nan,0.0000,0,0.0000,0.00,0.0175
1399977,1741289760,BTC,1586,206951,-0.1473,-0.0986,-0.0703,-nan,0.0000,0,0.0000,0.00,0.0175
1399978,1741289820,BTC,1586,206951,-0.1473,-0.0986,-0.0703,-nan,0.0000,0,0.0000,0.00,0.0175
1399979,1741289880,BTC,1586,206951,-0.1473,-0.0986,-0.0703,-nan,0.0000,0,0.0000,0.00,0.0175
1399980,1741289940,BTC,1586,206951,-0.1473,-0.0986,-0.0703,-nan,0.0000,0,0.0000,0.00,0.0175
1399981,1741290000,BTC,1586,206951,-0.1473,-0.0986,-0.0703,-nan,0.0000,0,0.0000,0.00,0.0175
1399982,1741290060,BTC,1586,206951,-0.1473,-0.0986,-0.0703,-nan,0.0000,0,0.0000,0.00,0.0175
1399983,1741290120,BTC,1586,206951,-0.1473,-0.0986,-0.0703,nan,0.0000,0,0.0000,0.00,0.0175
1399984,1741290180,BTC,1586,206951,-0.1473,-0.0986,-0.0703,-nan,0.0000,0,0.0000,0.00,0.0175
1399985,1741290240,BTC,1586,206951,-0.1473,-0.0986,-0.0703,-nan,0.0000,0,0.0000,0.00,0.0175
1399986,1741290300,BTC,1586,206951,-0.1473,-0.0986,-0.0703,-nan,0.0000,0,0.0000,0.00,0.0175
1399987,1741290360,BTC,1586,206951,-0.1473,-0.0986,-0.0703,nan,0.0000,0,0.0000,0.00,0.0175
1399988,1741290420,BTC,1586,206951,-0.1473,-0.0986,-0.0703,nan,0.0000,0,0.0000,0.00,0.0175
1392224,1776982920,BTC,2500,2500,0.4722,-9.2067,0.0009,nan,-15996.8066,1323892,0.4649,-7948.40,366.0120
1399989,1741290480,BTC,1586,206951,-0.1473,-0.0986,-0.0703,nan,0.0000,0,0.0000,0.00,0.0175
1399990,1741290540,BTC,1586,206951,-0.1473,-0.0986,-0.0703,nan,0.0000,0,0.0000,0.00,0.0175
1399991,1741290600,BTC,1586,206951,-0.1473,-0.0986,-0.0703,nan,0.0000,0,0.0000,0.00,0.0175
1399992,1741290660,BTC,1586,206951,-0.1473,-0.0986,-0.0703,nan,0.0000,0,0.0000,0.00,0.0175
1399993,1741290720,BTC,1586,206951,-0.1473,-0.0986,-0.0703,nan,0.0000,0,0.0000,0.00,0.0175
1399994,1741290780,BTC,1586,206951,-0.1473,-0.0986,-0.0703,nan,0.0000,0,0.0000,0.00,0.0175
1399995,1741290840,BTC,1586,206951,-0.1473,-0.0986,-0.0703,-nan,0.0000,0,0.0000,0.00,0.0175
1399996,1741290900,BTC,1586,206951,-0.1473,-0.0986,-0.0703,-nan,0.0000,0,0.0000,0.00,0.0175
1399997,1741290960,BTC,1586,206951,-0.1473,-0.0986,-0.0703,-nan,0.0000,0,0.0000,0.00,0.0175
1399998,1741291020,BTC,1586,206951,-0.1473,-0.0986,-0.0703,-nan,0.0000,0,0.0000,0.00,0.0175
1399999,1741291080,BTC,1586,206951,-0.1473,-0.0986,-0.0703,nan,0.0000,0,0.0000,0.00,0.0175
1400000,1741291140,BTC,1586,206951,-0.1473,-0.0986,-0.0703,nan,0.0000,0,0.0000,0.00,0.0175
1392225,1776982980,BTC,2500,2500,0.4722,-9.2067,0.0009,nan,-15996.8457,1323893,0.4649,-7948.42,366.0120
1400001,1741291200,BTC,1586,206951,-0.1473,-0.0986,-0.0703,nan,0.0000,0,0.0000,0.00,0.0175
1400002,1741291260,BTC,1586,206951,-0.1473,-0.0986,-0.0703,nan,0.0000,0,0.0000,0.00,0.0175
1400003,1741291320,BTC,1586,206951,-0.1473,-0.0986,-0.0703,-nan,0.0000,0,0.0000,0.00,0.0175
1400004,1741291380,BTC,1586,206951,-0.1473,-0.0986,-0.0703,-nan,0.0000,0,0.0000,0.00,0.0175
1400005,1741291440,BTC,1586,206951,-0.1473,-0.0986,-0.0703,-nan,0.0000,0,0.0000,0.00,0.0175
1400006,1741291500,BTC,1586,206951,-0.1473,-0.0986,-0.0703,-nan,0.0000,0,0.0000,0.00,0.0175
1400007,1741291560,BTC,1586,206951,-0.1473,-0.0986,-0.0703,-nan,0.0000,0,0.0000,0.00,0.0175
1400008,1741291620,BTC,1586,206951,-0.1473,-0.0986,-0.0703,nan,0.0000,0,0.0000,0.00,0.0175
1400009,1741291680,BTC,1586,206951,-0.1473,-0.0986,-0.0703,nan,0.0000,0,0.0000,0.00,0.0175
1400010,1741291740,BTC,1586,206951,-0.1473,-0.0986,-0.0703,-nan,0.0000,0,0.0000,0.00,0.0175
1400011,1741291800,BTC,1586,206951,-0.1473,-0.0986,-0.0703,nan,0.0000,0,0.0000,0.00,0.0175
1400012,1741291860,BTC,1586,206951,-0.1473,-0.0986,-0.0703,nan,0.0000,0,0.0000,0.00,0.0175
1400013,1741291920,BTC,1586,206951,-0.1473,-0.0986,-0.0703,-nan,0.0000,0,0.0000,0.00,0.0175
1400014,1741291980,BTC,1586,206951,-0.1473,-0.0986,-0.0703,-nan,0.0000,0,0.0000,0.00,0.0175
1400015,1741292040,BTC,1586,206951,-0.1473,-0.0986,-0.0703,-nan,0.0000,0,0.0000,0.00,0.0175
1400016,1741292100,BTC,1586,206951,-0.1473,-0.0986,-0.0703,-nan,0.0000,0,0.0000,0.00,0.0175
1392226,1776983040,BTC,2500,2500,0.4722,-9.2067,0.0009,nan,-15996.8857,1323894,0.4649,-7948.44,366.0120
1400017,1741292160,BTC,1586,206951,-0.1473,-0.0986,-0.0703,-nan,0.0000,0,0.0000,0.00,0.0175
1400018,1741292220,BTC,1586,206951,-0.1473,-0.0986,-0.0703,-nan,0.0000,0,0.0000,0.00,0.0175
1400019,1741292280,BTC,1586,206951,-0.1473,-0.0986,-0.0703,-nan,0.0000,0,0.0000,0.00,0.0175
1400020,1741292340,BTC,1586,206951,-0.1473,-0.0986,-0.0703,-nan,0.0000,0,0.0000,0.00,0.0175
1400021,1741292400,BTC,1586,206951,-0.1473,-0.0986,-0.0703,-nan,0.0000,0,0.0000,0.00,0.0175
1400022,1741292460,BTC,1586,206951,-0.1473,-0.0986,-0.0703,-nan,0.0000,0,0.0000,0.00,0.0175
1400023,1741292520,BTC,1586,206951,-0.1473,-0.0986,-0.0703,-nan,0.0000,0,0.0000,0.00,0.0175
1400024,1741292580,BTC,1586,206951,-0.1473,-0.0986,-0.0703,-nan,0.0000,0,0.0000,0.00,0.0175
1400025,1741292640,BTC,1586,206951,-0.1473,-0.0986,-0.0703,-nan,0.0000,0,0.0000,0.00,0.0175
1400026,1741292700,BTC,1586,206951,-0.1473,-0.0986,-0.0703,-nan,0.0000,0,0.0000,0.00,0.0175
1400027,1741292760,BTC,1586,206951,-0.1473,-0.0986,-0.0703,-nan,0.0000,0,0.0000,0.00,0.0175
1400028,1741292820,BTC,1586,206951,-0.1473,-0.0986,-0.0703,-nan,0.0000,0,0.0000,0.00,0.0175
1400029,1741292880,BTC,1586,206951,-0.1473,-0.0986,-0.0703,-nan,0.0000,0,0.0000,0.00,0.0175
1400030,1741292940,BTC,1586,206951,-0.1473,-0.0986,-0.0703,-nan,0.0000,0,0.0000,0.00,0.0175
1400031,1741293000,BTC,1586,206951,-0.1473,-0.0986,-0.0703,-nan,0.0000,0,0.0000,0.00,0.0175
1400032,1741293060,BTC,1586,206951,-0.1473,-0.0986,-0.0703,-nan,0.0000,0,0.0000,0.00,0.0175
1392227,1776983100,BTC,2500,2500,0.4722,-9.2067,0.0009,nan,-15996.8662,1323895,0.4649,-7948.43,366.0120
1400033,1741293120,BTC,1586,206951,-0.1473,-0.0986,-0.0703,-nan,0.0000,0,0.0000,0.00,0.0175
1400034,1741293180,BTC,1586,206951,-0.1473,-0.0986,-0.0703,nan,0.0000,0,0.0000,0.00,0.0175
1400035,1741293240,BTC,1586,206951,-0.1473,-0.0986,-0.0703,-nan,0.0000,0,0.0000,0.00,0.0175
1400036,1741293300,BTC,1586,206951,-0.1473,-0.0986,-0.0703,-nan,0.0000,0,0.0000,0.00,0.0175
1400037,1741293360,BTC,1586,206951,-0.1473,-0.0986,-0.0703,-nan,0.0000,0,0.0000,0.00,0.0175
1400038,1741293420,BTC,1586,206951,-0.1473,-0.0986,-0.0703,-nan,0.0000,0,0.0000,0.00,0.0175
1400039,1741293480,BTC,1586,206951,-0.1473,-0.0986,-0.0703,-nan,0.0000,0,0.0000,0.00,0.0175
1400040,1741293540,BTC,1586,206951,-0.1473,-0.0986,-0.0703,-nan,0.0000,0,0.0000,0.00,0.0175
1400041,1741293600,BTC,1586,206951,-0.1473,-0.0986,-0.0703,-nan,0.0000,0,0.0000,0.00,0.0175
1400042,1741293660,BTC,1586,206951,-0.1473,-0.0986,-0.0703,-nan,0.0000,0,0.0000,0.00,0.0175
1400043,1741293720,BTC,1586,206951,-0.1473,-0.0986,-0.0703,-nan,0.0000,0,0.0000,0.00,0.0175
1400044,1741293780,BTC,1586,206951,-0.1473,-0.0986,-0.0703,-nan,0.0000,0,0.0000,0.00,0.0175
1400045,1741293840,BTC,1586,206951,-0.1473,-0.0986,-0.0703,nan,0.0000,0,0.0000,0.00,0.0175
1400046,1741293900,BTC,1586,206951,-0.1473,-0.0986,-0.0703,nan,0.0000,0,0.0000,0.00,0.0175
1400047,1741293960,BTC,1586,206951,-0.1473,-0.0986,-0.0703,nan,0.0000,0,0.0000,0.00,0.0175
1400048,1741294020,BTC,1586,206951,-0.1473,-0.0986,-0.0703,-nan,0.0000,0,0.0000,0.00,0.0175
1392228,1776983160,BTC,2500,2500,0.4722,-9.2067,0.0009,nan,-15996.9053,1323896,0.4649,-7948.45,366.0120
1400049,1741294080,BTC,1586,206951,-0.1473,-0.0986,-0.0703,-nan,0.0000,0,0.0000,0.00,0.0175
1400050,1741294140,BTC,1586,206951,-0.1473,-0.0986,-0.0703,-nan,0.0000,0,0.0000,0.00,0.0175
1400051,1741294200,BTC,1586,206951,-0.1473,-0.0986,-0.0703,-nan,0.0000,0,0.0000,0.00,0.0175
1400052,1741294260,BTC,1586,206951,-0.1473,-0.0986,-0.0703,-nan,0.0000,0,0.0000,0.00,0.0175
1400053,1741294320,BTC,1586,206951,-0.1473,-0.0986,-0.0703,-nan,0.0000,0,0.0000,0.00,0.0175
1400054,1741294380,BTC,1586,206951,-0.1473,-0.0986,-0.0703,-nan,0.0000,0,0.0000,0.00,0.0175
1400055,1741294440,BTC,1586,206951,-0.1473,-0.0986,-0.0703,-nan,0.0000,0,0.0000,0.00,0.0175
1400056,1741294500,BTC,1586,206951,-0.1473,-0.0986,-0.0703,nan,0.0000,0,0.0000,0.00,0.0175
1400057,1741294560,BTC,1586,206951,-0.1473,-0.0986,-0.0703,nan,0.0000,0,0.0000,0.00,0.0175
1400058,1741294620,BTC,1586,206951,-0.1473,-0.0986,-0.0703,-nan,0.0000,0,0.0000,0.00,0.0175
1400059,1741294680,BTC,1586,206951,-0.1473,-0.0986,-0.0703,-nan,0.0000,0,0.0000,0.00,0.0175
1400060,1741294740,BTC,1586,206951,-0.1473,-0.0986,-0.0703,-nan,0.0000,0,0.0000,0.00,0.0175
1400061,1741294800,BTC,1586,206951,-0.1473,-0.0986,-0.0703,-nan,0.0000,0,0.0000,0.00,0.0175
1400062,1741294860,BTC,1586,206951,-0.1473,-0.0986,-0.0703,-nan,0.0000,0,0.0000,0.00,0.0175
1400063,1741294920,BTC,1586,206951,-0.1473,-0.0986,-0.0703,-nan,0.0000,0,0.0000,0.00,0.0175
1392229,1776983220,BTC,2500,2500,0.4722,-9.2067,0.0009,nan,-15996.9453,1323897,0.4649,-7948.47,366.0120
1400064,1741294980,BTC,1586,206951,-0.1473,-0.0986,-0.0703,-nan,0.0000,0,0.0000,0.00,0.0175
1400065,1741295040,BTC,1586,206951,-0.1473,-0.0986,-0.0703,-nan,0.0000,0,0.0000,0.00,0.0175
1400066,1741295100,BTC,1586,206951,-0.1473,-0.0986,-0.0703,-nan,0.0000,0,0.0000,0.00,0.0175
1400067,1741295160,BTC,1586,206951,-0.1473,-0.0986,-0.0703,-nan,0.0000,0,0.0000,0.00,0.0175
1400068,1741295220,BTC,1586,206951,-0.1473,-0.0986,-0.0703,-nan,0.0000,0,0.0000,0.00,0.0175
1400069,1741295280,BTC,1586,206951,-0.1473,-0.0986,-0.0703,nan,0.0000,0,0.0000,0.00,0.0175
1400070,1741295340,BTC,1586,206951,-0.1473,-0.0986,-0.0703,-nan,0.0000,0,0.0000,0.00,0.0175
1400071,1741295400,BTC,1586,206951,-0.1473,-0.0986,-0.0703,-nan,0.0000,0,0.0000,0.00,0.0175
1400072,1741295460,BTC,1586,206951,-0.1473,-0.0986,-0.0703,-nan,0.0000,0,0.0000,0.00,0.0175
1400073,1741295520,BTC,1586,206951,-0.1473,-0.0986,-0.0703,-nan,0.0000,0,0.0000,0.00,0.0175
1400074,1741295580,BTC,1586,206951,-0.1473,-0.0986,-0.0703,-nan,0.0000,0,0.0000,0.00,0.0175
1400075,1741295640,BTC,1586,206951,-0.1473,-0.0986,-0.0703,nan,0.0000,0,0.0000,0.00,0.0175
1392230,1776983280,BTC,2500,2500,0.4722,-9.2067,0.0009,nan,-15996.9844,1323898,0.4649,-7948.49,366.0120
1400076,1741295700,BTC,1586,206951,-0.1473,-0.0986,-0.0703,nan,0.0000,0,0.0000,0.00,0.0175
1400077,1741295760,BTC,1586,206951,-0.1473,-0.0986,-0.0703,-nan,0.0000,0,0.0000,0.00,0.0175
1400078,1741295820,BTC,1586,206951,-0.1473,-0.0986,-0.0703,-nan,0.0000,0,0.0000,0.00,0.0175
1400079,1741295880,BTC,1586,206951,-0.1473,-0.0986,-0.0703,-nan,0.0000,0,0.0000,0.00,0.0175
1400080,1741295940,BTC,1586,206951,-0.1473,-0.0986,-0.0703,-nan,0.0000,0,0.0000,0.00,0.0175
1400081,1741296000,BTC,1586,206951,-0.1473,-0.0986,-0.0703,-nan,0.0000,0,0.0000,0.00,0.0175
1400082,1741296060,BTC,1586,206951,-0.1473,-0.0986,-0.0703,-nan,0.0000,0,0.0000,0.00,0.0175
1400083,1741296120,BTC,1586,206951,-0.1473,-0.0986,-0.0703,-nan,0.0000,0,0.0000,0.00,0.0175
1400084,1741296180,BTC,1586,206951,-0.1473,-0.0986,-0.0703,-nan,0.0000,0,0.0000,0.00,0.0175
1400085,1741296240,BTC,1586,206951,-0.1473,-0.0986,-0.0703,-nan,0.0000,0,0.0000,0.00,0.0175
1400086,1741296300,BTC,1586,206951,-0.1473,-0.0986,-0.0703,-nan,0.0000,0,0.0000,0.00,0.0175
1400087,1741296360,BTC,1586,206951,-0.1473,-0.0986,-0.0703,-nan,0.0000,0,0.0000,0.00,0.0175
1400088,1741296420,BTC,1586,206951,-0.1473,-0.0986,-0.0703,-nan,0.0000,0,0.0000,0.00,0.0175
1400089,1741296480,BTC,1586,206951,-0.1473,-0.0986,-0.0703,-nan,0.0000,0,0.0000,0.00,0.0175
1400090,1741296540,BTC,1586,206951,-0.1473,-0.0986,-0.0703,-nan,0.0000,0,0.0000,0.00,0.0175
1400091,1741296600,BTC,1586,206951,-0.1473,-0.0986,-0.0703,-nan,0.0000,0,0.0000,0.00,0.0175
1400092,1741296660,BTC,1586,206951,-0.1473,-0.0986,-0.0703,-nan,0.0000,0,0.0000,0.00,0.0175
1392231,1776983340,BTC,2500,2500,0.4722,-9.2067,0.0009,nan,-15997.0264,1323899,0.4649,-7948.51,366.0120
1400093,1741296720,BTC,1586,206951,-0.1473,-0.0986,-0.0703,-nan,0.0000,0,0.0000,0.00,0.0175
1400094,1741296780,BTC,1586,206951,-0.1473,-0.0986,-0.0703,-nan,0.0000,0,0.0000,0.00,0.0175
1400095,1741296840,BTC,1586,206951,-0.1473,-0.0986,-0.0703,-nan,0.0000,0,0.0000,0.00,0.0175
1400096,1741296900,BTC,1586,206951,-0.1473,-0.0986,-0.0703,-nan,0.0000,0,0.0000,0.00,0.0175
1400097,1741296960,BTC,1586,206951,-0.1473,-0.0986,-0.0703,-nan,0.0000,0,0.0000,0.00,0.0175
1400098,1741297020,BTC,1586,206951,-0.1473,-0.0986,-0.0703,-nan,0.0000,0,0.0000,0.00,0.0175
1400099,1741297080,BTC,1586,206951,-0.1473,-0.0986,-0.0703,-nan,0.0000,0,0.0000,0.00,0.0175
1400100,1741297140,BTC,1586,206951,-0.1473,-0.0986,-0.0703,-nan,0.0000,0,0.0000,0.00,0.0175
1400101,1741297200,BTC,1586,206951,-0.1473,-0.0986,-0.0703,-nan,0.0000,0,0.0000,0.00,0.0175
1400102,1741297260,BTC,1586,206951,-0.1473,-0.0986,-0.0703,-nan,0.0000,0,0.0000,0.00,0.0175
1400103,1741297320,BTC,1586,206951,-0.1473,-0.0986,-0.0703,-nan,0.0000,0,0.0000,0.00,0.0175
1400104,1741297380,BTC,1586,206951,-0.1473,-0.0986,-0.0703,-nan,0.0000,0,0.0000,0.00,0.0175
1400105,1741297440,BTC,1586,206951,-0.1473,-0.0986,-0.0703,-nan,0.0000,0,0.0000,0.00,0.0175
1400106,1741297500,BTC,1586,206951,-0.1473,-0.0986,-0.0703,-nan,0.0000,0,0.0000,0.00,0.0175
1400107,1741297560,BTC,1586,206951,-0.1473,-0.0986,-0.0703,-nan,0.0000,0,0.0000,0.00,0.0175
1400108,1741297620,BTC,1586,206951,-0.1473,-0.0986,-0.0703,-nan,0.0000,0,0.0000,0.00,0.0175
1392232,1776983400,BTC,2500,2500,0.4722,-9.2067,0.0009,nan,-15997.0654,1323900,0.4649,-7948.53,366.0120
1400109,1741297680,BTC,1586,206951,-0.1473,-0.0986,-0.0703,-nan,0.0000,0,0.0000,0.00,0.0175
1400110,1741297740,BTC,1586,206951,-0.1473,-0.0986,-0.0703,-nan,0.0000,0,0.0000,0.00,0.0175
1400111,1741297800,BTC,1586,206951,-0.1473,-0.0986,-0.0703,-nan,0.0000,0,0.0000,0.00,0.0175
1400112,1741297860,BTC,1586,206951,-0.1473,-0.0986,-0.0703,nan,0.0000,0,0.0000,0.00,0.0175
1400113,1741297920,BTC,1586,206951,-0.1473,-0.0986,-0.0703,nan,0.0000,0,0.0000,0.00,0.0175
1400114,1741297980,BTC,1586,206951,-0.1473,-0.0986,-0.0703,-nan,0.0000,0,0.0000,0.00,0.0175
1400115,1741298040,BTC,1586,206951,-0.1473,-0.0986,-0.0703,nan,0.0000,0,0.0000,0.00,0.0175
1400116,1741298100,BTC,1586,206951,-0.1473,-0.0986,-0.0703,nan,0.0000,0,0.0000,0.00,0.0175
1400117,1741298160,BTC,1586,206951,-0.1473,-0.0986,-0.0703,nan,0.0000,0,0.0000,0.00,0.0175
1400118,1741298220,BTC,1586,206951,-0.1473,-0.0986,-0.0703,nan,0.0000,0,0.0000,0.00,0.0175
1400119,1741298280,BTC,1586,206951,-0.1473,-0.0986,-0.0703,-nan,0.0000,0,0.0000,0.00,0.0175
1400120,1741298340,BTC,1586,206951,-0.1473,-0.0986,-0.0703,nan,0.0000,0,0.0000,0.00,0.0175
1400121,1741298400,BTC,1586,206951,-0.1473,-0.0986,-0.0703,nan,0.0000,0,0.0000,0.00,0.0175
1400122,1741298460,BTC,1586,206951,-0.1473,-0.0986,-0.0703,nan,0.0000,0,0.0000,0.00,0.0175
1400123,1741298520,BTC,1586,206951,-0.1473,-0.0986,-0.0703,nan,0.0000,0,0.0000,0.00,0.0175
1392233,1776983460,BTC,2500,2500,0.4722,-9.2067,0.0009,nan,-15997.1055,1323901,0.4649,-7948.55,366.0120
1400124,1741298580,BTC,1586,206951,-0.1473,-0.0986,-0.0703,nan,0.0000,0,0.0000,0.00,0.0175
1400125,1741298640,BTC,1586,206951,-0.1473,-0.0986,-0.0703,nan,0.0000,0,0.0000,0.00,0.0175
1400126,1741298700,BTC,1586,206951,-0.1473,-0.0986,-0.0703,nan,0.0000,0,0.0000,0.00,0.0175
1400127,1741298760,BTC,1586,206951,-0.1473,-0.0986,-0.0703,-nan,0.0000,0,0.0000,0.00,0.0175
1400128,1741298820,BTC,1586,206951,-0.1473,-0.0986,-0.0703,-nan,0.0000,0,0.0000,0.00,0.0175
1400129,1741298880,BTC,1586,206951,-0.1473,-0.0986,-0.0703,-nan,0.0000,0,0.0000,0.00,0.0175
1400130,1741298940,BTC,1586,206951,-0.1473,-0.0986,-0.0703,-nan,0.0000,0,0.0000,0.00,0.0175
1400131,1741299000,BTC,1586,206951,-0.1473,-0.0986,-0.0703,-nan,0.0000,0,0.0000,0.00,0.0175
1400132,1741299060,BTC,1586,206951,-0.1473,-0.0986,-0.0703,-nan,0.0000,0,0.0000,0.00,0.0175
1400133,1741299120,BTC,1586,206951,-0.1473,-0.0986,-0.0703,-nan,0.0000,0,0.0000,0.00,0.0175
1400134,1741299180,BTC,1586,206951,-0.1473,-0.0986,-0.0703,-nan,0.0000,0,0.0000,0.00,0.0175
1400135,1741299240,BTC,1586,206951,-0.1473,-0.0986,-0.0703,-nan,0.0000,0,0.0000,0.00,0.0175
1400136,1741299300,BTC,1586,206951,-0.1473,-0.0986,-0.0703,-nan,0.0000,0,0.0000,0.00,0.0175
1392234,1776983520,BTC,2500,2500,0.4722,-9.2067,0.0009,nan,-15997.1455,1323902,0.4649,-7948.57,366.0120
1400137,1741299360,BTC,1586,206951,-0.1473,-0.0986,-0.0703,nan,0.0000,0,0.0000,0.00,0.0175
1400138,1741299420,BTC,1586,206951,-0.1473,-0.0986,-0.0703,-nan,0.0000,0,0.0000,0.00,0.0175
1400139,1741299480,BTC,1586,206951,-0.1473,-0.0986,-0.0703,-nan,0.0000,0,0.0000,0.00,0.0175
1400140,1741299540,BTC,1586,206951,-0.1473,-0.0986,-0.0703,-nan,0.0000,0,0.0000,0.00,0.0175
1400141,1741299600,BTC,1586,206951,-0.1473,-0.0986,-0.0703,-nan,0.0000,0,0.0000,0.00,0.0175
1400142,1741299660,BTC,1586,206951,-0.1473,-0.0986,-0.0703,-nan,0.0000,0,0.0000,0.00,0.0175
1400143,1741299720,BTC,1586,206951,-0.1473,-0.0986,-0.0703,-nan,0.0000,0,0.0000,0.00,0.0175
1400144,1741299780,BTC,1586,206951,-0.1473,-0.0986,-0.0703,-nan,0.0000,0,0.0000,0.00,0.0175
1400145,1741299840,BTC,1586,206951,-0.1473,-0.0986,-0.0703,-nan,0.0000,0,0.0000,0.00,0.0175
1400146,1741299900,BTC,1586,206951,-0.1473,-0.0986,-0.0703,-nan,0.0000,0,0.0000,0.00,0.0175
1400147,1741299960,BTC,1586,206951,-0.1473,-0.0986,-0.0703,-nan,0.0000,0,0.0000,0.00,0.0175
1400148,1741300020,BTC,1586,206951,-0.1473,-0.0986,-0.0703,-nan,0.0000,0,0.0000,0.00,0.0175
1400149,1741300080,BTC,1586,206951,-0.1473,-0.0986,-0.0703,-nan,0.0000,0,0.0000,0.00,0.0175
1400150,1741300140,BTC,1586,206951,-0.1473,-0.0986,-0.0703,-nan,0.0000,0,0.0000,0.00,0.0175
1400151,1741300200,BTC,1586,206951,-0.1473,-0.0986,-0.0703,-nan,0.0000,0,0.0000,0.00,0.0175
1400152,1741300260,BTC,1586,206951,-0.1473,-0.0986,-0.0703,-nan,0.0000,0,0.0000,0.00,0.0175
1392235,1776983580,BTC,2500,2500,0.4722,-9.2067,0.0009,nan,-15997.1250,1323903,0.4649,-7948.56,366.0120
1400153,1741300320,BTC,1586,206951,-0.1473,-0.0986,-0.0703,-nan,0.0000,0,0.0000,0.00,0.0175
1400154,1741300380,BTC,1586,206951,-0.1473,-0.0986,-0.0703,-nan,0.0000,0,0.0000,0.00,0.0175
1400155,1741300440,BTC,1586,206951,-0.1473,-0.0986,-0.0703,-nan,0.0000,0,0.0000,0.00,0.0175
1400156,1741300500,BTC,1586,206951,-0.1473,-0.0986,-0.0703,-nan,0.0000,0,0.0000,0.00,0.0175
1400157,1741300560,BTC,1586,206951,-0.1473,-0.0986,-0.0703,-nan,0.0000,0,0.0000,0.00,0.0175
1400158,1741300620,BTC,1586,206951,-0.1473,-0.0986,-0.0703,-nan,0.0000,0,0.0000,0.00,0.0175
1400159,1741300680,BTC,1586,206951,-0.1473,-0.0986,-0.0703,-nan,0.0000,0,0.0000,0.00,0.0175
1400160,1741300740,BTC,1586,206951,-0.1473,-0.0986,-0.0703,nan,0.0000,0,0.0000,0.00,0.0175
1400161,1741300800,BTC,1586,206951,-0.1473,-0.0986,-0.0703,nan,0.0000,0,0.0000,0.00,0.0175
1400162,1741300860,BTC,1586,206951,-0.1473,-0.0986,-0.0703,nan,0.0000,0,0.0000,0.00,0.0175
1400163,1741300920,BTC,1586,206951,-0.1473,-0.0986,-0.0703,nan,0.0000,0,0.0000,0.00,0.0175
1400164,1741300980,BTC,1586,206951,-0.1473,-0.0986,-0.0703,nan,0.0000,0,0.0000,0.00,0.0175
1400165,1741301040,BTC,1586,206951,-0.1473,-0.0986,-0.0703,nan,0.0000,0,0.0000,0.00,0.0175
1400166,1741301100,BTC,1586,206951,-0.1473,-0.0986,-0.0703,nan,0.0000,0,0.0000,0.00,0.0175
1400167,1741301160,BTC,1586,206951,-0.1473,-0.0986,-0.0703,-nan,0.0000,0,0.0000,0.00,0.0175
1400168,1741301220,BTC,1586,206951,-0.1473,-0.0986,-0.0703,-nan,0.0000,0,0.0000,0.00,0.0175
1392236,1776983640,BTC,2500,2500,0.4722,-9.2067,0.0009,nan,-15997.1035,1323904,0.4649,-7948.55,366.0120
1400169,1741301280,BTC,1586,206951,-0.1473,-0.0986,-0.0703,-nan,0.0000,0,0.0000,0.00,0.0175
1400170,1741301340,BTC,1586,206951,-0.1473,-0.0986,-0.0703,-nan,0.0000,0,0.0000,0.00,0.0175
1400171,1741301400,BTC,1586,206951,-0.1473,-0.0986,-0.0703,-nan,0.0000,0,0.0000,0.00,0.0175
1400172,1741301460,BTC,1586,206951,-0.1473,-0.0986,-0.0703,-nan,0.0000,0,0.0000,0.00,0.0175
1400173,1741301520,BTC,1586,206951,-0.1473,-0.0986,-0.0703,-nan,0.0000,0,0.0000,0.00,0.0175
1400174,1741301580,BTC,1586,206951,-0.1473,-0.0986,-0.0703,-nan,0.0000,0,0.0000,0.00,0.0175
1400175,1741301640,BTC,1586,206951,-0.1473,-0.0986,-0.0703,-nan,0.0000,0,0.0000,0.00,0.0175
1400176,1741301700,BTC,1586,206951,-0.1473,-0.0986,-0.0703,-nan,0.0000,0,0.0000,0.00,0.0175
1400177,1741301760,BTC,1586,206951,-0.1473,-0.0986,-0.0703,-nan,0.0000,0,0.0000,0.00,0.0175
1400178,1741301820,BTC,1586,206951,-0.1473,-0.0986,-0.0703,-nan,0.0000,0,0.0000,0.00,0.0175
1400179,1741301880,BTC,1586,206951,-0.1473,-0.0986,-0.0703,-nan,0.0000,0,0.0000,0.00,0.0175
1400180,1741301940,BTC,1586,206951,-0.1473,-0.0986,-0.0703,-nan,0.0000,0,0.0000,0.00,0.0175
1400181,1741302000,BTC,1586,206951,-0.1473,-0.0986,-0.0703,nan,0.0000,0,0.0000,0.00,0.0175
1400182,1741302060,BTC,1586,206951,-0.1473,-0.0986,-0.0703,nan,0.0000,0,0.0000,0.00,0.0175
1400183,1741302120,BTC,1586,206951,-0.1473,-0.0986,-0.0703,-nan,0.0000,0,0.0000,0.00,0.0175
1400184,1741302180,BTC,1586,206951,-0.1473,-0.0986,-0.0703,-nan,0.0000,0,0.0000,0.00,0.0175
1392237,1776983700,BTC,2500,2500,0.4722,-9.2067,0.0009,nan,-15997.1455,1323905,0.4649,-7948.57,366.0120
1400185,1741302240,BTC,1586,206951,-0.1473,-0.0986,-0.0703,-nan,0.0000,0,0.0000,0.00,0.0175
1400186,1741302300,BTC,1586,206951,-0.1473,-0.0986,-0.0703,-nan,0.0000,0,0.0000,0.00,0.0175
1400187,1741302360,BTC,1586,206951,-0.1473,-0.0986,-0.0703,-nan,0.0000,0,0.0000,0.00,0.0175
1400188,1741302420,BTC,1586,206951,-0.1473,-0.0986,-0.0703,-nan,0.0000,0,0.0000,0.00,0.0175
1400189,1741302480,BTC,1586,206951,-0.1473,-0.0986,-0.0703,-nan,0.0000,0,0.0000,0.00,0.0175
1400190,1741302540,BTC,1586,206951,-0.1473,-0.0986,-0.0703,-nan,0.0000,0,0.0000,0.00,0.0175
1400191,1741302600,BTC,1586,206951,-0.1473,-0.0986,-0.0703,-nan,0.0000,0,0.0000,0.00,0.0175
1400192,1741302660,BTC,1586,206951,-0.1473,-0.0986,-0.0703,-nan,0.0000,0,0.0000,0.00,0.0175
1400193,1741302720,BTC,1586,206951,-0.1473,-0.0986,-0.0703,-nan,0.0000,0,0.0000,0.00,0.0175
1400194,1741302780,BTC,1586,206951,-0.1473,-0.0986,-0.0703,-nan,0.0000,0,0.0000,0.00,0.0175
1400195,1741302840,BTC,1586,206951,-0.1473,-0.0986,-0.0703,-nan,0.0000,0,0.0000,0.00,0.0175
1400196,1741302900,BTC,1586,206951,-0.1473,-0.0986,-0.0703,-nan,0.0000,0,0.0000,0.00,0.0175
1400197,1741302960,BTC,1586,206951,-0.1473,-0.0986,-0.0703,-nan,0.0000,0,0.0000,0.00,0.0175
1400198,1741303020,BTC,1586,206951,-0.1473,-0.0986,-0.0703,-nan,0.0000,0,0.0000,0.00,0.0175
1400199,1741303080,BTC,1586,206951,-0.1473,-0.0986,-0.0703,-nan,0.0000,0,0.0000,0.00,0.0175
1400200,1741303140,BTC,1586,206951,-0.1473,-0.0986,-0.0703,-nan,0.0000,0,0.0000,0.00,0.0175
1392238,1776983760,BTC,2500,2500,0.4722,-9.2067,0.0009,nan,-15997.1846,1323906,0.4649,-7948.59,366.0120
1400201,1741303200,BTC,1586,206951,-0.1473,-0.0986,-0.0703,-nan,0.0000,0,0.0000,0.00,0.0175
1400202,1741303260,BTC,1586,206951,-0.1473,-0.0986,-0.0703,-nan,0.0000,0,0.0000,0.00,0.0175
1400203,1741303320,BTC,1586,206951,-0.1473,-0.0986,-0.0703,nan,0.0000,0,0.0000,0.00,0.0175
1400204,1741303380,BTC,1586,206951,-0.1473,-0.0986,-0.0703,-nan,0.0000,0,0.0000,0.00,0.0175
1400205,1741303440,BTC,1586,206951,-0.1473,-0.0986,-0.0703,-nan,0.0000,0,0.0000,0.00,0.0175
1400206,1741303500,BTC,1586,206951,-0.1473,-0.0986,-0.0703,-nan,0.0000,0,0.0000,0.00,0.0175
1400207,1741303560,BTC,1586,206951,-0.1473,-0.0986,-0.0703,-nan,0.0000,0,0.0000,0.00,0.0175
1400208,1741303620,BTC,1586,206951,-0.1473,-0.0986,-0.0703,-nan,0.0000,0,0.0000,0.00,0.0175
1400209,1741303680,BTC,1586,206951,-0.1473,-0.0986,-0.0703,-nan,0.0000,0,0.0000,0.00,0.0175
1400210,1741303740,BTC,1586,206951,-0.1473,-0.0986,-0.0703,-nan,0.0000,0,0.0000,0.00,0.0175
1400211,1741303800,BTC,1586,206951,-0.1473,-0.0986,-0.0703,-nan,0.0000,0,0.0000,0.00,0.0175
1400212,1741303920,BTC,1586,206951,-0.1473,-0.0986,-0.0703,-nan,0.0000,0,0.0000,0.00,0.0175
1392239,1776983820,BTC,2500,2500,0.4722,-9.2067,0.0009,nan,-15997.1631,1323907,0.4649,-7948.58,366.0120
1400213,1741303980,BTC,1586,206951,-0.1473,-0.0986,-0.0703,-nan,0.0000,0,0.0000,0.00,0.0175
1400214,1741304040,BTC,1586,206951,-0.1473,-0.0986,-0.0703,-nan,0.0000,0,0.0000,0.00,0.0175
1400215,1741304100,BTC,1586,206951,-0.1473,-0.0986,-0.0703,-nan,0.0000,0,0.0000,0.00,0.0175
1400216,1741304160,BTC,1586,206951,-0.1473,-0.0986,-0.0703,-nan,0.0000,0,0.0000,0.00,0.0175
1400217,1741304220,BTC,1586,206951,-0.1473,-0.0986,-0.0703,-nan,0.0000,0,0.0000,0.00,0.0175
1400218,1741304280,BTC,1586,206951,-0.1473,-0.0986,-0.0703,nan,0.0000,0,0.0000,0.00,0.0175
1400219,1741304340,BTC,1586,206951,-0.1473,-0.0986,-0.0703,nan,0.0000,0,0.0000,0.00,0.0175
1400220,1741304400,BTC,1586,206951,-0.1473,-0.0986,-0.0703,-nan,0.0000,0,0.0000,0.00,0.0175
1400221,1741304460,BTC,1586,206951,-0.1473,-0.0986,-0.0703,-nan,0.0000,0,0.0000,0.00,0.0175
1400222,1741304520,BTC,1586,206951,-0.1473,-0.0986,-0.0703,-nan,0.0000,0,0.0000,0.00,0.0175
1400223,1741304580,BTC,1586,206951,-0.1473,-0.0986,-0.0703,nan,0.0000,0,0.0000,0.00,0.0175
1400224,1741304640,BTC,1586,206951,-0.1473,-0.0986,-0.0703,nan,0.0000,0,0.0000,0.00,0.0175
1400225,1741304700,BTC,1586,206951,-0.1473,-0.0986,-0.0703,nan,0.0000,0,0.0000,0.00,0.0175
1400226,1741304760,BTC,1586,206951,-0.1473,-0.0986,-0.0703,nan,0.0000,0,0.0000,0.00,0.0175
1400227,1741304820,BTC,1586,206951,-0.1473,-0.0986,-0.0703,nan,0.0000,0,0.0000,0.00,0.0175
1400228,1741304880,BTC,1586,206951,-0.1473,-0.0986,-0.0703,nan,0.0000,0,0.0000,0.00,0.0175
1392240,1776983880,BTC,2500,2500,0.4722,-9.2067,0.0009,nan,-15997.2051,1323908,0.4649,-7948.60,366.0120
1400229,1741304940,BTC,1586,206951,-0.1473,-0.0986,-0.0703,nan,0.0000,0,0.0000,0.00,0.0175
1400230,1741305000,BTC,1586,206951,-0.1473,-0.0986,-0.0703,nan,0.0000,0,0.0000,0.00,0.0175
1400231,1741305060,BTC,1586,206951,-0.1473,-0.0986,-0.0703,nan,0.0000,0,0.0000,0.00,0.0175
1400232,1741305120,BTC,1586,206951,-0.1473,-0.0986,-0.0703,nan,0.0000,0,0.0000,0.00,0.0175
1400233,1741305180,BTC,1586,206951,-0.1473,-0.0986,-0.0703,nan,0.0000,0,0.0000,0.00,0.0175
1400234,1741305240,BTC,1586,206951,-0.1473,-0.0986,-0.0703,-nan,0.0000,0,0.0000,0.00,0.0175
1400235,1741305300,BTC,1586,206951,-0.1473,-0.0986,-0.0703,-nan,0.0000,0,0.0000,0.00,0.0175
1400236,1741305360,BTC,1586,206951,-0.1473,-0.0986,-0.0703,-nan,0.0000,0,0.0000,0.00,0.0175
1400237,1741305420,BTC,1586,206951,-0.1473,-0.0986,-0.0703,-nan,0.0000,0,0.0000,0.00,0.0175
1400238,1741305480,BTC,1586,206951,-0.1473,-0.0986,-0.0703,-nan,0.0000,0,0.0000,0.00,0.0175
1400239,1741305540,BTC,1586,206951,-0.1473,-0.0986,-0.0703,-nan,0.0000,0,0.0000,0.00,0.0175
1400240,1741305600,BTC,1543,206951,-0.1473,-0.0986,-0.0703,nan,0.0000,0,0.0000,0.00,0.0175
1400241,1741305660,BTC,1581,206951,-0.1473,-0.0986,-0.0703,-nan,0.0000,0,0.0000,0.00,0.0175
1400242,1741305720,BTC,1581,206951,-0.1473,-0.0986,-0.0703,-nan,0.0000,0,0.0000,0.00,0.0175
1400243,1741305780,BTC,1581,206951,-0.1473,-0.0986,-0.0703,-nan,0.0000,0,0.0000,0.00,0.0175
1400244,1741305840,BTC,1581,206951,-0.1473,-0.0986,-0.0703,-nan,0.0000,0,0.0000,0.00,0.0175
1392241,1776983940,BTC,2500,2500,0.4722,-9.2067,0.0009,nan,-15997.2441,1323909,0.4649,-7948.62,366.0120
1400245,1741305900,BTC,1581,206951,-0.1473,-0.0986,-0.0703,-nan,0.0000,0,0.0000,0.00,0.0175
1400246,1741305960,BTC,1581,206951,-0.1473,-0.0986,-0.0703,-nan,0.0000,0,0.0000,0.00,0.0175
1400247,1741306020,BTC,1581,206951,-0.1473,-0.0986,-0.0703,-nan,0.0000,0,0.0000,0.00,0.0175
1400248,1741306080,BTC,1581,206951,-0.1473,-0.0986,-0.0703,-nan,0.0000,0,0.0000,0.00,0.0175
1400249,1741306140,BTC,1581,206951,-0.1473,-0.0986,-0.0703,-nan,0.0000,0,0.0000,0.00,0.0175
1400250,1741306200,BTC,1581,206951,-0.1473,-0.0986,-0.0703,-nan,0.0000,0,0.0000,0.00,0.0175
1400251,1741306260,BTC,1581,206951,-0.1473,-0.0986,-0.0703,-nan,0.0000,0,0.0000,0.00,0.0175
1400252,1741306320,BTC,1580,206951,-0.1473,-0.0986,-0.0703,nan,0.0000,0,0.0000,0.00,0.0175
1400253,1741306380,BTC,1573,206951,-0.1473,-0.0986,-0.0703,nan,0.0000,0,0.0000,0.00,0.0175
1400254,1741306440,BTC,1580,206951,-0.1473,-0.0986,-0.0703,nan,0.0000,0,0.0000,0.00,0.0175
1400255,1741306500,BTC,1574,206951,-0.1473,-0.0986,-0.0703,nan,0.0000,0,0.0000,0.00,0.0175
1400256,1741306560,BTC,1573,206951,-0.1473,-0.0986,-0.0703,nan,0.0000,0,0.0000,0.00,0.0175
1400257,1741306620,BTC,1573,206951,-0.1473,-0.0986,-0.0703,nan,0.0000,0,0.0000,0.00,0.0175
1400258,1741306680,BTC,1573,206951,-0.1473,-0.0986,-0.0703,nan,0.0000,0,0.0000,0.00,0.0175
1400259,1741306740,BTC,1573,206951,-0.1473,-0.0986,-0.0703,nan,0.0000,0,0.0000,0.00,0.0175
1400260,1741306800,BTC,1573,206951,-0.1473,-0.0986,-0.0703,nan,0.0000,0,0.0000,0.00,0.0175
1392242,1776984000,BTC,2500,2500,0.4722,-9.2067,0.0009,nan,-15997.2227,1323910,0.4649,-7948.61,366.0120
1400261,1741306860,BTC,1572,206951,-0.1473,-0.0986,-0.0703,nan,0.0000,0,0.0000,0.00,0.0175
1400262,1741306920,BTC,1573,206951,-0.1473,-0.0986,-0.0703,nan,0.0000,0,0.0000,0.00,0.0175
1400263,1741306980,BTC,1573,206951,-0.1473,-0.0986,-0.0703,nan,0.0000,0,0.0000,0.00,0.0175
1400264,1741307040,BTC,1573,206951,-0.1473,-0.0986,-0.0703,nan,0.0000,0,0.0000,0.00,0.0175
1400265,1741307100,BTC,1573,206951,-0.1473,-0.0986,-0.0703,nan,0.0000,0,0.0000,0.00,0.0175
1400266,1741307160,BTC,1573,206951,-0.1473,-0.0986,-0.0703,nan,0.0000,0,0.0000,0.00,0.0175
1400267,1741307220,BTC,1573,206951,-0.1473,-0.0986,-0.0703,nan,0.0000,0,0.0000,0.00,0.0175
1400268,1741307280,BTC,1580,206951,-0.1473,-0.0986,-0.0703,nan,0.0000,0,0.0000,0.00,0.0175
1400269,1741307340,BTC,1580,206951,-0.1473,-0.0986,-0.0703,nan,0.0000,0,0.0000,0.00,0.0175
1400270,1741307400,BTC,1580,206951,-0.1473,-0.0986,-0.0703,nan,0.0000,0,0.0000,0.00,0.0175
1400271,1741307460,BTC,1580,206951,-0.1473,-0.0986,-0.0703,nan,0.0000,0,0.0000,0.00,0.0175
1400272,1741307520,BTC,1580,206951,-0.1473,-0.0986,-0.0703,nan,0.0000,0,0.0000,0.00,0.0175
1400273,1741307580,BTC,1580,206951,-0.1473,-0.0986,-0.0703,nan,0.0000,0,0.0000,0.00,0.0175
1400274,1741307640,BTC,1580,206951,-0.1473,-0.0986,-0.0703,nan,0.0000,0,0.0000,0.00,0.0175
1400275,1741307700,BTC,1580,206951,-0.1473,-0.0986,-0.0703,nan,0.0000,0,0.0000,0.00,0.0175
1400276,1741307760,BTC,1580,206951,-0.1473,-0.0986,-0.0703,nan,0.0000,0,0.0000,0.00,0.0175
1400277,1741307820,BTC,1580,206951,-0.1473,-0.0986,-0.0703,nan,0.0000,0,0.0000,0.00,0.0175
1392243,1776984060,BTC,2500,2500,0.4722,-9.2067,0.0009,nan,-15997.2637,1323911,0.4649,-7948.63,366.0120
1400278,1741307880,BTC,1574,206951,-0.1473,-0.0986,-0.0703,nan,0.0000,0,0.0000,0.00,0.0175
1400279,1741307940,BTC,1574,206951,-0.1473,-0.0986,-0.0703,nan,0.0000,0,0.0000,0.00,0.0175
1400280,1741308000,BTC,1574,206951,-0.1473,-0.0986,-0.0703,nan,0.0000,0,0.0000,0.00,0.0175
1400281,1741308060,BTC,1574,206951,-0.1473,-0.0986,-0.0703,nan,0.0000,0,0.0000,0.00,0.0175
1400282,1741308120,BTC,1574,206951,-0.1473,-0.0986,-0.0703,nan,0.0000,0,0.0000,0.00,0.0175
1400283,1741308180,BTC,1580,206951,-0.1473,-0.0986,-0.0703,nan,0.0000,0,0.0000,0.00,0.0175
1400284,1741308240,BTC,1580,206951,-0.1473,-0.0986,-0.0703,nan,0.0000,0,0.0000,0.00,0.0175
1400285,1741308300,BTC,1580,206951,-0.1473,-0.0986,-0.0703,nan,0.0000,0,0.0000,0.00,0.0175
1400286,1741308360,BTC,1580,206951,-0.1473,-0.0986,-0.0703,nan,0.0000,0,0.0000,0.00,0.0175
1400287,1741308420,BTC,1580,206951,-0.1473,-0.0986,-0.0703,nan,0.0000,0,0.0000,0.00,0.0175
1400288,1741308480,BTC,1580,206951,-0.1473,-0.0986,-0.0703,nan,0.0000,0,0.0000,0.00,0.0175
1400289,1741308540,BTC,1580,206951,-0.1473,-0.0986,-0.0703,nan,0.0000,0,0.0000,0.00,0.0175
1400290,1741308600,BTC,1580,206951,-0.1473,-0.0986,-0.0703,nan,0.0000,0,0.0000,0.00,0.0175
1392244,1776984120,BTC,2500,2500,0.4722,-9.2067,0.0009,nan,-15997.2432,1323912,0.4649,-7948.62,366.0120
1400291,1741308660,BTC,1580,206951,-0.1473,-0.0986,-0.0703,nan,0.0000,0,0.0000,0.00,0.0175
1400292,1741308720,BTC,1580,206951,-0.1473,-0.0986,-0.0703,nan,0.0000,0,0.0000,0.00,0.0175
1400293,1741308780,BTC,1580,206951,-0.1473,-0.0986,-0.0703,nan,0.0000,0,0.0000,0.00,0.0175
1400294,1741308840,BTC,1580,206951,-0.1473,-0.0986,-0.0703,nan,0.0000,0,0.0000,0.00,0.0175
1400295,1741308900,BTC,1580,206951,-0.1473,-0.0986,-0.0703,nan,0.0000,0,0.0000,0.00,0.0175
1400296,1741308960,BTC,1580,206951,-0.1473,-0.0986,-0.0703,nan,0.0000,0,0.0000,0.00,0.0175
1400297,1741309020,BTC,1580,206951,-0.1473,-0.0986,-0.0703,nan,0.0000,0,0.0000,0.00,0.0175
1400298,1741309080,BTC,1580,206951,-0.1473,-0.0986,-0.0703,nan,0.0000,0,0.0000,0.00,0.0175
1400299,1741309140,BTC,1580,206951,-0.1473,-0.0986,-0.0703,nan,0.0000,0,0.0000,0.00,0.0175
1400300,1741309200,BTC,1580,206951,-0.1473,-0.0986,-0.0703,nan,0.0000,0,0.0000,0.00,0.0175
1400301,1741309260,BTC,1580,206951,-0.1473,-0.0986,-0.0703,nan,0.0000,0,0.0000,0.00,0.0175
1400302,1741309320,BTC,1580,206951,-0.1473,-0.0986,-0.0703,nan,0.0000,0,0.0000,0.00,0.0175
1400303,1741309380,BTC,1580,206951,-0.1473,-0.0986,-0.0703,nan,0.0000,0,0.0000,0.00,0.0175
1400304,1741309440,BTC,1581,206951,-0.1473,-0.0986,-0.0703,-nan,0.0000,0,0.0000,0.00,0.0175
1400305,1741309500,BTC,1581,206951,-0.1473,-0.0986,-0.0703,-nan,0.0000,0,0.0000,0.00,0.0175
1400306,1741309560,BTC,1581,206951,-0.1473,-0.0986,-0.0703,-nan,0.0000,0,0.0000,0.00,0.0175
1392245,1776984180,BTC,2500,2500,0.4722,-9.2067,0.0009,nan,-15997.2842,1323913,0.4649,-7948.64,366.0120
1400307,1741309620,BTC,1581,206951,-0.1473,-0.0986,-0.0703,-nan,0.0000,0,0.0000,0.00,0.0175
1400308,1741309680,BTC,1581,206951,-0.1473,-0.0986,-0.0703,-nan,0.0000,0,0.0000,0.00,0.0175
1400309,1741309740,BTC,1581,206951,-0.1473,-0.0986,-0.0703,-nan,0.0000,0,0.0000,0.00,0.0175
1400310,1741309800,BTC,1581,206951,-0.1473,-0.0986,-0.0703,-nan,0.0000,0,0.0000,0.00,0.0175
1400311,1741309860,BTC,1581,206951,-0.1473,-0.0986,-0.0703,-nan,0.0000,0,0.0000,0.00,0.0175
1400312,1741309920,BTC,1581,206951,-0.1473,-0.0986,-0.0703,-nan,0.0000,0,0.0000,0.00,0.0175
1400313,1741309980,BTC,1581,206951,-0.1473,-0.0986,-0.0703,-nan,0.0000,0,0.0000,0.00,0.0175
1400314,1741310040,BTC,1581,206951,-0.1473,-0.0986,-0.0703,-nan,0.0000,0,0.0000,0.00,0.0175
1400315,1741310100,BTC,1573,206951,-0.1473,-0.0986,-0.0703,nan,0.0000,0,0.0000,0.00,0.0175
1400316,1741310160,BTC,1581,206951,-0.1473,-0.0986,-0.0703,-nan,0.0000,0,0.0000,0.00,0.0175
1400317,1741310220,BTC,1581,206951,-0.1473,-0.0986,-0.0703,-nan,0.0000,0,0.0000,0.00,0.0175
1400318,1741310280,BTC,1580,206951,-0.1473,-0.0986,-0.0703,nan,0.0000,0,0.0000,0.00,0.0175
1400319,1741310340,BTC,1580,206951,-0.1473,-0.0986,-0.0703,nan,0.0000,0,0.0000,0.00,0.0175
1400320,1741310400,BTC,1580,206951,-0.1473,-0.0986,-0.0703,nan,0.0000,0,0.0000,0.00,0.0175
1400321,1741310460,BTC,1573,206951,-0.1473,-0.0986,-0.0703,nan,0.0000,0,0.0000,0.00,0.0175
1400322,1741310520,BTC,1580,206951,-0.1473,-0.0986,-0.0703,nan,0.0000,0,0.0000,0.00,0.0175
1400323,1741310580,BTC,1580,206951,-0.1473,-0.0986,-0.0703,nan,0.0000,0,0.0000,0.00,0.0175
1392246,1776984240,BTC,2500,2500,0.4722,-9.2067,0.0009,nan,-15997.3232,1323914,0.4649,-7948.66,366.0120
1400324,1741310640,BTC,1580,206951,-0.1473,-0.0986,-0.0703,nan,0.0000,0,0.0000,0.00,0.0175
1400325,1741310700,BTC,1581,206951,-0.1473,-0.0986,-0.0703,-nan,0.0000,0,0.0000,0.00,0.0175
1400326,1741310760,BTC,1581,206951,-0.1473,-0.0986,-0.0703,-nan,0.0000,0,0.0000,0.00,0.0175
1400327,1741310820,BTC,1581,206951,-0.1473,-0.0986,-0.0703,-nan,0.0000,0,0.0000,0.00,0.0175
1400328,1741310880,BTC,1581,206951,-0.1473,-0.0986,-0.0703,-nan,0.0000,0,0.0000,0.00,0.0175
1400329,1741310940,BTC,1581,206951,-0.1473,-0.0986,-0.0703,-nan,0.0000,0,0.0000,0.00,0.0175
1400330,1741311000,BTC,1581,206951,-0.1473,-0.0986,-0.0703,-nan,0.0000,0,0.0000,0.00,0.0175
1400331,1741311060,BTC,1580,206951,-0.1473,-0.0986,-0.0703,nan,0.0000,0,0.0000,0.00,0.0175
1400332,1741311120,BTC,1580,206951,-0.1473,-0.0986,-0.0703,nan,0.0000,0,0.0000,0.00,0.0175
1400333,1741311180,BTC,1581,206951,-0.1473,-0.0986,-0.0703,-nan,0.0000,0,0.0000,0.00,0.0175
1400334,1741311240,BTC,1581,206951,-0.1473,-0.0986,-0.0703,-nan,0.0000,0,0.0000,0.00,0.0175
1400335,1741311300,BTC,1580,206951,-0.1473,-0.0986,-0.0703,nan,0.0000,0,0.0000,0.00,0.0175
1400336,1741311360,BTC,1580,206951,-0.1473,-0.0986,-0.0703,nan,0.0000,0,0.0000,0.00,0.0175
1400337,1741311420,BTC,1580,206951,-0.1473,-0.0986,-0.0703,nan,0.0000,0,0.0000,0.00,0.0175
1400338,1741311480,BTC,1580,206951,-0.1473,-0.0986,-0.0703,nan,0.0000,0,0.0000,0.00,0.0175
1400339,1741311540,BTC,1581,206951,-0.1473,-0.0986,-0.0703,-nan,0.0000,0,0.0000,0.00,0.0175
1392247,1776984300,BTC,2500,2500,0.4722,-9.2067,0.0009,nan,-15997.3633,1323915,0.4649,-7948.68,366.0120
1400340,1741311600,BTC,1580,206951,-0.1473,-0.0986,-0.0703,nan,0.0000,0,0.0000,0.00,0.0175
1400341,1741311660,BTC,1575,206951,-0.1473,-0.0986,-0.0703,nan,0.0000,0,0.0000,0.00,0.0175
1400342,1741311720,BTC,1575,206951,-0.1473,-0.0986,-0.0703,nan,0.0000,0,0.0000,0.00,0.0175
1400343,1741311780,BTC,1575,206951,-0.1473,-0.0986,-0.0703,nan,0.0000,0,0.0000,0.00,0.0175
1400344,1741311840,BTC,1574,206951,-0.1473,-0.0986,-0.0703,nan,0.0000,0,0.0000,0.00,0.0175
1400345,1741311900,BTC,1575,206951,-0.1473,-0.0986,-0.0703,nan,0.0000,0,0.0000,0.00,0.0175
1400346,1741311960,BTC,1575,206951,-0.1473,-0.0986,-0.0703,nan,0.0000,0,0.0000,0.00,0.0175
1400347,1741312020,BTC,1574,206951,-0.1473,-0.0986,-0.0703,nan,0.0000,0,0.0000,0.00,0.0175
1400348,1741312080,BTC,1581,206951,-0.1473,-0.0986,-0.0703,-nan,0.0000,0,0.0000,0.00,0.0175
1400349,1741312140,BTC,1581,206951,-0.1473,-0.0986,-0.0703,-nan,0.0000,0,0.0000,0.00,0.0175
1400350,1741312200,BTC,1581,206951,-0.1473,-0.0986,-0.0703,-nan,0.0000,0,0.0000,0.00,0.0175
1400351,1741312260,BTC,1581,206951,-0.1473,-0.0986,-0.0703,-nan,0.0000,0,0.0000,0.00,0.0175
1400352,1741312320,BTC,1581,206951,-0.1473,-0.0986,-0.0703,-nan,0.0000,0,0.0000,0.00,0.0175
1400353,1741312380,BTC,1574,206951,-0.1473,-0.0986,-0.0703,nan,0.0000,0,0.0000,0.00,0.0175
1400354,1741312440,BTC,1581,206951,-0.1473,-0.0986,-0.0703,-nan,0.0000,0,0.0000,0.00,0.0175
1400355,1741312500,BTC,1581,206951,-0.1473,-0.0986,-0.0703,-nan,0.0000,0,0.0000,0.00,0.0175
1392248,1776984360,BTC,2500,2500,0.4722,-9.2067,0.0009,nan,-15997.4033,1323916,0.4649,-7948.70,366.0120
1400356,1741312560,BTC,1581,206951,-0.1473,-0.0986,-0.0703,-nan,0.0000,0,0.0000,0.00,0.0175
1400357,1741312620,BTC,1581,206951,-0.1473,-0.0986,-0.0703,-nan,0.0000,0,0.0000,0.00,0.0175
1400358,1741312680,BTC,1581,206951,-0.1473,-0.0986,-0.0703,-nan,0.0000,0,0.0000,0.00,0.0175
1400359,1741312740,BTC,1581,206951,-0.1473,-0.0986,-0.0703,-nan,0.0000,0,0.0000,0.00,0.0175
1400360,1741312800,BTC,1581,206951,-0.1473,-0.0986,-0.0703,-nan,0.0000,0,0.0000,0.00,0.0175
1400361,1741312860,BTC,1581,206951,-0.1473,-0.0986,-0.0703,-nan,0.0000,0,0.0000,0.00,0.0175
1400362,1741312920,BTC,1581,206951,-0.1473,-0.0986,-0.0703,-nan,0.0000,0,0.0000,0.00,0.0175
1400363,1741312980,BTC,1581,206951,-0.1473,-0.0986,-0.0703,-nan,0.0000,0,0.0000,0.00,0.0175
1400364,1741313040,BTC,1581,206951,-0.1473,-0.0986,-0.0703,-nan,0.0000,0,0.0000,0.00,0.0175
1400365,1741313100,BTC,1581,206951,-0.1473,-0.0986,-0.0703,-nan,0.0000,0,0.0000,0.00,0.0175
1400366,1741313160,BTC,1581,206951,-0.1473,-0.0986,-0.0703,-nan,0.0000,0,0.0000,0.00,0.0175
1400367,1741313220,BTC,1581,206951,-0.1473,-0.0986,-0.0703,-nan,0.0000,0,0.0000,0.00,0.0175
1400368,1741313280,BTC,1581,206951,-0.1473,-0.0986,-0.0703,-nan,0.0000,0,0.0000,0.00,0.0175
1392249,1776984420,BTC,2500,2500,0.4722,-9.2067,0.0009,nan,-15997.3828,1323917,0.4649,-7948.69,366.0120
1400369,1741313340,BTC,1581,206951,-0.1473,-0.0986,-0.0703,-nan,0.0000,0,0.0000,0.00,0.0175
1400370,1741313400,BTC,1581,206951,-0.1473,-0.0986,-0.0703,-nan,0.0000,0,0.0000,0.00,0.0175
1400371,1741313460,BTC,1581,206951,-0.1473,-0.0986,-0.0703,-nan,0.0000,0,0.0000,0.00,0.0175
1400372,1741313520,BTC,1581,206951,-0.1473,-0.0986,-0.0703,-nan,0.0000,0,0.0000,0.00,0.0175
1400373,1741313580,BTC,1581,206951,-0.1473,-0.0986,-0.0703,-nan,0.0000,0,0.0000,0.00,0.0175
1400374,1741313640,BTC,1581,206951,-0.1473,-0.0986,-0.0703,-nan,0.0000,0,0.0000,0.00,0.0175
1400375,1741313700,BTC,1581,206951,-0.1473,-0.0986,-0.0703,-nan,0.0000,0,0.0000,0.00,0.0175
1400376,1741313760,BTC,1581,206951,-0.1473,-0.0986,-0.0703,-nan,0.0000,0,0.0000,0.00,0.0175
1400377,1741313820,BTC,1581,206951,-0.1473,-0.0986,-0.0703,-nan,0.0000,0,0.0000,0.00,0.0175
1400378,1741313880,BTC,1581,206951,-0.1473,-0.0986,-0.0703,-nan,0.0000,0,0.0000,0.00,0.0175
1400379,1741313940,BTC,1581,206951,-0.1473,-0.0986,-0.0703,-nan,0.0000,0,0.0000,0.00,0.0175
1400380,1741314000,BTC,1575,206951,-0.1473,-0.0986,-0.0703,nan,0.0000,0,0.0000,0.00,0.0175
1400381,1741314060,BTC,1574,206951,-0.1473,-0.0986,-0.0703,nan,0.0000,0,0.0000,0.00,0.0175
1400382,1741314120,BTC,1574,206951,-0.1473,-0.0986,-0.0703,nan,0.0000,0,0.0000,0.00,0.0175
1400383,1741314180,BTC,1581,206951,-0.1473,-0.0986,-0.0703,-nan,0.0000,0,0.0000,0.00,0.0175
1400384,1741314240,BTC,1581,206951,-0.1473,-0.0986,-0.0703,-nan,0.0000,0,0.0000,0.00,0.0175
1392250,1776984480,BTC,2500,2500,0.4722,-9.2067,0.0009,nan,-15997.4229,1323918,0.4649,-7948.71,366.0120
1400385,1741314300,BTC,1581,206951,-0.1473,-0.0986,-0.0703,-nan,0.0000,0,0.0000,0.00,0.0175
1400386,1741314360,BTC,1581,206951,-0.1473,-0.0986,-0.0703,-nan,0.0000,0,0.0000,0.00,0.0175
1400387,1741314420,BTC,1581,206951,-0.1473,-0.0986,-0.0703,-nan,0.0000,0,0.0000,0.00,0.0175
1400388,1741314480,BTC,1580,206951,-0.1473,-0.0986,-0.0703,nan,0.0000,0,0.0000,0.00,0.0175
1400389,1741314540,BTC,1580,206951,-0.1473,-0.0986,-0.0703,nan,0.0000,0,0.0000,0.00,0.0175
1400390,1741314600,BTC,1580,206951,-0.1473,-0.0986,-0.0703,nan,0.0000,0,0.0000,0.00,0.0175
1400391,1741314660,BTC,1580,206951,-0.1473,-0.0986,-0.0703,nan,0.0000,0,0.0000,0.00,0.0175
1400392,1741314720,BTC,1580,206951,-0.1473,-0.0986,-0.0703,nan,0.0000,0,0.0000,0.00,0.0175
1400393,1741314780,BTC,1581,206951,-0.1473,-0.0986,-0.0703,-nan,0.0000,0,0.0000,0.00,0.0175
1400394,1741314840,BTC,1581,206951,-0.1473,-0.0986,-0.0703,-nan,0.0000,0,0.0000,0.00,0.0175
1400395,1741314900,BTC,1581,206951,-0.1473,-0.0986,-0.0703,-nan,0.0000,0,0.0000,0.00,0.0175
1400396,1741314960,BTC,1574,206951,-0.1473,-0.0986,-0.0703,nan,0.0000,0,0.0000,0.00,0.0175
1400397,1741315020,BTC,1574,206951,-0.1473,-0.0986,-0.0703,nan,0.0000,0,0.0000,0.00,0.0175
1400398,1741315080,BTC,1575,206951,-0.1473,-0.0986,-0.0703,nan,0.0000,0,0.0000,0.00,0.0175
1400399,1741315140,BTC,1575,206951,-0.1473,-0.0986,-0.0703,nan,0.0000,0,0.0000,0.00,0.0175
1400400,1741315200,BTC,1575,206951,-0.1473,-0.0986,-0.0703,nan,0.0000,0,0.0000,0.00,0.0175
1392251,1776984540,BTC,2500,2500,0.4722,-9.2067,0.0009,nan,-15997.4629,1323919,0.4649,-7948.73,366.0120
1400401,1741315260,BTC,1581,206951,-0.1473,-0.0986,-0.0703,-nan,0.0000,0,0.0000,0.00,0.0175
1400402,1741315320,BTC,1581,206951,-0.1473,-0.0986,-0.0703,-nan,0.0000,0,0.0000,0.00,0.0175
1400403,1741315380,BTC,1581,206951,-0.1473,-0.0986,-0.0703,-nan,0.0000,0,0.0000,0.00,0.0175
1400404,1741315440,BTC,1581,206951,-0.1473,-0.0986,-0.0703,-nan,0.0000,0,0.0000,0.00,0.0175
1400405,1741315500,BTC,1581,206951,-0.1473,-0.0986,-0.0703,-nan,0.0000,0,0.0000,0.00,0.0175
1400406,1741315560,BTC,1581,206951,-0.1473,-0.0986,-0.0703,-nan,0.0000,0,0.0000,0.00,0.0175
1400407,1741315620,BTC,1581,206951,-0.1473,-0.0986,-0.0703,-nan,0.0000,0,0.0000,0.00,0.0175
1400408,1741315680,BTC,1574,206951,-0.1473,-0.0986,-0.0703,nan,0.0000,0,0.0000,0.00,0.0175
1400409,1741315740,BTC,1574,206951,-0.1473,-0.0986,-0.0703,nan,0.0000,0,0.0000,0.00,0.0175
1400410,1741315800,BTC,1581,206951,-0.1473,-0.0986,-0.0703,-nan,0.0000,0,0.0000,0.00,0.0175
1400411,1741315860,BTC,1581,206951,-0.1473,-0.0986,-0.0703,-nan,0.0000,0,0.0000,0.00,0.0175
1400412,1741315920,BTC,1580,206951,-0.1473,-0.0986,-0.0703,nan,0.0000,0,0.0000,0.00,0.0175
1400413,1741315980,BTC,1581,206951,-0.1473,-0.0986,-0.0703,-nan,0.0000,0,0.0000,0.00,0.0175
1400414,1741316040,BTC,1574,206951,-0.1473,-0.0986,-0.0703,nan,0.0000,0,0.0000,0.00,0.0175
1400415,1741316100,BTC,1574,206951,-0.1473,-0.0986,-0.0703,nan,0.0000,0,0.0000,0.00,0.0175
1400416,1741316160,BTC,1574,206951,-0.1473,-0.0986,-0.0703,nan,0.0000,0,0.0000,0.00,0.0175
1392252,1776984600,BTC,2500,2500,0.4722,-9.2067,0.0009,nan,-15997.4424,1323920,0.4649,-7948.72,366.0120
1400417,1741316220,BTC,1581,206951,-0.1473,-0.0986,-0.0703,-nan,0.0000,0,0.0000,0.00,0.0175
1400418,1741316280,BTC,1574,206951,-0.1473,-0.0986,-0.0703,nan,0.0000,0,0.0000,0.00,0.0175
1400419,1741316340,BTC,1574,206951,-0.1473,-0.0986,-0.0703,nan,0.0000,0,0.0000,0.00,0.0175
1400420,1741316400,BTC,1574,206951,-0.1473,-0.0986,-0.0703,nan,0.0000,0,0.0000,0.00,0.0175
1400421,1741316460,BTC,1581,206951,-0.1473,-0.0986,-0.0703,-nan,0.0000,0,0.0000,0.00,0.0175
1400422,1741316520,BTC,1581,206951,-0.1473,-0.0986,-0.0703,-nan,0.0000,0,0.0000,0.00,0.0175
1400423,1741316580,BTC,1581,206951,-0.1473,-0.0986,-0.0703,-nan,0.0000,0,0.0000,0.00,0.0175
1400424,1741316640,BTC,1581,206951,-0.1473,-0.0986,-0.0703,-nan,0.0000,0,0.0000,0.00,0.0175
1400425,1741316700,BTC,1581,206951,-0.1473,-0.0986,-0.0703,-nan,0.0000,0,0.0000,0.00,0.0175
1400426,1741316760,BTC,1581,206951,-0.1473,-0.0986,-0.0703,-nan,0.0000,0,0.0000,0.00,0.0175
1400427,1741316820,BTC,1581,206951,-0.1473,-0.0986,-0.0703,-nan,0.0000,0,0.0000,0.00,0.0175
1400428,1741316880,BTC,1581,206951,-0.1473,-0.0986,-0.0703,-nan,0.0000,0,0.0000,0.00,0.0175
1400429,1741316940,BTC,1581,206951,-0.1473,-0.0986,-0.0703,-nan,0.0000,0,0.0000,0.00,0.0175
1400430,1741317000,BTC,1581,206951,-0.1473,-0.0986,-0.0703,-nan,0.0000,0,0.0000,0.00,0.0175
1400431,1741317060,BTC,1581,206951,-0.1473,-0.0986,-0.0703,-nan,0.0000,0,0.0000,0.00,0.0175
1400432,1741317120,BTC,1581,206951,-0.1473,-0.0986,-0.0703,-nan,0.0000,0,0.0000,0.00,0.0175
1392253,1776984660,BTC,2500,2500,0.4722,-9.2067,0.0009,nan,-15997.4824,1323921,0.4649,-7948.74,366.0120
1400433,1741317180,BTC,1581,206951,-0.1473,-0.0986,-0.0703,-nan,0.0000,0,0.0000,0.00,0.0175
1400434,1741317240,BTC,1581,206951,-0.1473,-0.0986,-0.0703,-nan,0.0000,0,0.0000,0.00,0.0175
1400435,1741317300,BTC,1581,206951,-0.1473,-0.0986,-0.0703,-nan,0.0000,0,0.0000,0.00,0.0175
1400436,1741317360,BTC,1581,206951,-0.1473,-0.0986,-0.0703,-nan,0.0000,0,0.0000,0.00,0.0175
1400437,1741317420,BTC,1581,206951,-0.1473,-0.0986,-0.0703,-nan,0.0000,0,0.0000,0.00,0.0175
1400438,1741317480,BTC,1581,206951,-0.1473,-0.0986,-0.0703,-nan,0.0000,0,0.0000,0.00,0.0175
1400439,1741317540,BTC,1581,206951,-0.1473,-0.0986,-0.0703,-nan,0.0000,0,0.0000,0.00,0.0175
1400440,1741317600,BTC,1580,206951,-0.1473,-0.0986,-0.0703,nan,0.0000,0,0.0000,0.00,0.0175
1400441,1741317660,BTC,1581,206951,-0.1473,-0.0986,-0.0703,-nan,0.0000,0,0.0000,0.00,0.0175
1400442,1741317720,BTC,1581,206951,-0.1473,-0.0986,-0.0703,-nan,0.0000,0,0.0000,0.00,0.0175
1400443,1741317780,BTC,1581,206951,-0.1473,-0.0986,-0.0703,-nan,0.0000,0,0.0000,0.00,0.0175
1400444,1741317840,BTC,1581,206951,-0.1473,-0.0986,-0.0703,-nan,0.0000,0,0.0000,0.00,0.0175
1400445,1741317900,BTC,1581,206951,-0.1473,-0.0986,-0.0703,-nan,0.0000,0,0.0000,0.00,0.0175
1400446,1741317960,BTC,1581,206951,-0.1473,-0.0986,-0.0703,-nan,0.0000,0,0.0000,0.00,0.0175
1400447,1741318020,BTC,1581,206951,-0.1473,-0.0986,-0.0703,-nan,0.0000,0,0.0000,0.00,0.0175
1400448,1741318080,BTC,1581,206951,-0.1473,-0.0986,-0.0703,-nan,0.0000,0,0.0000,0.00,0.0175
1392254,1776984720,BTC,2500,2500,0.4722,-9.2067,0.0009,nan,-15997.4629,1323922,0.4649,-7948.73,366.0120
1400449,1741318140,BTC,1581,206951,-0.1473,-0.0986,-0.0703,-nan,0.0000,0,0.0000,0.00,0.0175
1400450,1741318200,BTC,1581,206951,-0.1473,-0.0986,-0.0703,-nan,0.0000,0,0.0000,0.00,0.0175
1400451,1741318260,BTC,1581,206951,-0.1473,-0.0986,-0.0703,-nan,0.0000,0,0.0000,0.00,0.0175
1400452,1741318320,BTC,1581,206951,-0.1473,-0.0986,-0.0703,-nan,0.0000,0,0.0000,0.00,0.0175
1400453,1741318380,BTC,1581,206951,-0.1473,-0.0986,-0.0703,-nan,0.0000,0,0.0000,0.00,0.0175
1400454,1741318440,BTC,1581,206951,-0.1473,-0.0986,-0.0703,-nan,0.0000,0,0.0000,0.00,0.0175
1400455,1741318500,BTC,1581,206951,-0.1473,-0.0986,-0.0703,-nan,0.0000,0,0.0000,0.00,0.0175
1400456,1741318560,BTC,1575,206951,-0.1473,-0.0986,-0.0703,nan,0.0000,0,0.0000,0.00,0.0175
1400457,1741318620,BTC,1581,206951,-0.1473,-0.0986,-0.0703,-nan,0.0000,0,0.0000,0.00,0.0175
1400458,1741318680,BTC,1575,206951,-0.1473,-0.0986,-0.0703,nan,0.0000,0,0.0000,0.00,0.0175
1400459,1741318740,BTC,1581,206951,-0.1473,-0.0986,-0.0703,-nan,0.0000,0,0.0000,0.00,0.0175
1400460,1741318800,BTC,1581,206951,-0.1473,-0.0986,-0.0703,-nan,0.0000,0,0.0000,0.00,0.0175
1400461,1741318860,BTC,1581,206951,-0.1473,-0.0986,-0.0703,-nan,0.0000,0,0.0000,0.00,0.0175
1400462,1741318920,BTC,1581,206951,-0.1473,-0.0986,-0.0703,-nan,0.0000,0,0.0000,0.00,0.0175
1400463,1741318980,BTC,1581,206951,-0.1473,-0.0986,-0.0703,-nan,0.0000,0,0.0000,0.00,0.0175
1400464,1741319040,BTC,1581,206951,-0.1473,-0.0986,-0.0703,-nan,0.0000,0,0.0000,0.00,0.0175
1400465,1741319100,BTC,1581,206951,-0.1473,-0.0986,-0.0703,-nan,0.0000,0,0.0000,0.00,0.0175
1400466,1741319160,BTC,1581,206951,-0.1473,-0.0986,-0.0703,-nan,0.0000,0,0.0000,0.00,0.0175
1400467,1741319220,BTC,1581,206951,-0.1473,-0.0986,-0.0703,-nan,0.0000,0,0.0000,0.00,0.0175
1400468,1741319280,BTC,1581,206951,-0.1473,-0.0986,-0.0703,-nan,0.0000,0,0.0000,0.00,0.0175
1400469,1741319340,BTC,1574,206951,-0.1473,-0.0986,-0.0703,nan,0.0000,0,0.0000,0.00,0.0175
1400470,1741319400,BTC,1581,206951,-0.1473,-0.0986,-0.0703,-nan,0.0000,0,0.0000,0.00,0.0175
1400471,1741319460,BTC,1581,206951,-0.1473,-0.0986,-0.0703,-nan,0.0000,0,0.0000,0.00,0.0175
1400472,1741319520,BTC,1581,206951,-0.1473,-0.0986,-0.0703,-nan,0.0000,0,0.0000,0.00,0.0175
1400473,1741319580,BTC,1581,206951,-0.1473,-0.0986,-0.0703,-nan,0.0000,0,0.0000,0.00,0.0175
1400474,1741319640,BTC,1581,206951,-0.1473,-0.0986,-0.0703,-nan,0.0000,0,0.0000,0.00,0.0175
1400475,1741319700,BTC,1581,206951,-0.1473,-0.0986,-0.0703,-nan,0.0000,0,0.0000,0.00,0.0175
1400476,1741319760,BTC,1581,206951,-0.1473,-0.0986,-0.0703,-nan,0.0000,0,0.0000,0.00,0.0175
1392255,1776984780,BTC,2500,2500,0.4722,-9.2067,0.0009,nan,-15997.4414,1323923,0.4649,-7948.72,366.0120
1400477,1741319820,BTC,1581,206951,-0.1473,-0.0986,-0.0703,-nan,0.0000,0,0.0000,0.00,0.0175
1400478,1741319880,BTC,1581,206951,-0.1473,-0.0986,-0.0703,-nan,0.0000,0,0.0000,0.00,0.0175
1400479,1741319940,BTC,1581,206951,-0.1473,-0.0986,-0.0703,-nan,0.0000,0,0.0000,0.00,0.0175
1400480,1741320000,BTC,1581,206951,-0.1473,-0.0986,-0.0703,-nan,0.0000,0,0.0000,0.00,0.0175
1400481,1741320060,BTC,1581,206951,-0.1473,-0.0986,-0.0703,-nan,0.0000,0,0.0000,0.00,0.0175
1400482,1741320120,BTC,1581,206951,-0.1473,-0.0986,-0.0703,-nan,0.0000,0,0.0000,0.00,0.0175
1400483,1741320180,BTC,1581,206951,-0.1473,-0.0986,-0.0703,-nan,0.0000,0,0.0000,0.00,0.0175
1400484,1741320240,BTC,1581,206951,-0.1473,-0.0986,-0.0703,-nan,0.0000,0,0.0000,0.00,0.0175
1400485,1741320360,BTC,1581,206951,-0.1473,-0.0986,-0.0703,-nan,0.0000,0,0.0000,0.00,0.0175
1400486,1741320420,BTC,1581,206951,-0.1473,-0.0986,-0.0703,-nan,0.0000,0,0.0000,0.00,0.0175
1400487,1741320480,BTC,1581,206951,-0.1473,-0.0986,-0.0703,-nan,0.0000,0,0.0000,0.00,0.0175
1400488,1741320540,BTC,1581,206951,-0.1473,-0.0986,-0.0703,-nan,0.0000,0,0.0000,0.00,0.0175
1400489,1741320600,BTC,1581,206951,-0.1473,-0.0986,-0.0703,-nan,0.0000,0,0.0000,0.00,0.0175
1400490,1741320660,BTC,1581,206951,-0.1473,-0.0986,-0.0703,-nan,0.0000,0,0.0000,0.00,0.0175
1400491,1741320720,BTC,1581,206951,-0.1473,-0.0986,-0.0703,-nan,0.0000,0,0.0000,0.00,0.0175
1400492,1741320780,BTC,1581,206951,-0.1473,-0.0986,-0.0703,-nan,0.0000,0,0.0000,0.00,0.0175
1400493,1741320840,BTC,1581,206951,-0.1473,-0.0986,-0.0703,-nan,0.0000,0,0.0000,0.00,0.0175
1400494,1741320900,BTC,1581,206951,-0.1473,-0.0986,-0.0703,-nan,0.0000,0,0.0000,0.00,0.0175
1400495,1741320960,BTC,1581,206951,-0.1473,-0.0986,-0.0703,-nan,0.0000,0,0.0000,0.00,0.0175
1400496,1741321020,BTC,1581,206951,-0.1473,-0.0986,-0.0703,-nan,0.0000,0,0.0000,0.00,0.0175
1400497,1741321080,BTC,1581,206951,-0.1473,-0.0986,-0.0703,-nan,0.0000,0,0.0000,0.00,0.0175
1392256,1776984840,BTC,2500,2500,0.4722,-9.2067,0.0009,nan,-15997.4805,1323924,0.4649,-7948.74,366.0120
1400498,1741321140,BTC,1581,206951,-0.1473,-0.0986,-0.0703,-nan,0.0000,0,0.0000,0.00,0.0175
1400499,1741321200,BTC,1581,206951,-0.1473,-0.0986,-0.0703,-nan,0.0000,0,0.0000,0.00,0.0175
cycle,window_ts,asset,votes,active,win_rate,sharpe,dd_pct,consensus_spread,room_pnl_pct,room_trades,room_wr,room_cap,slippage$
1400500,1741321260,BTC,1581,206951,-0.1473,-0.0986,-0.0703,-nan,0.0000,0,0.0000,0.00,0.0175
1400501,1741321320,BTC,1581,206951,-0.1473,-0.0986,-0.0703,-nan,0.0000,0,0.0000,0.00,0.0175
1400502,1741321380,BTC,1581,206951,-0.1473,-0.0986,-0.0703,-nan,0.0000,0,0.0000,0.00,0.0175
1400503,1741321440,BTC,1581,206951,-0.1473,-0.0986,-0.0703,-nan,0.0000,0,0.0000,0.00,0.0175
1400504,1741321500,BTC,1581,206951,-0.1473,-0.0986,-0.0703,-nan,0.0000,0,0.0000,0.00,0.0175
1400505,1741321560,BTC,1581,206951,-0.1473,-0.0986,-0.0703,-nan,0.0000,0,0.0000,0.00,0.0175
1400506,1741321620,BTC,1581,206951,-0.1473,-0.0986,-0.0703,-nan,0.0000,0,0.0000,0.00,0.0175
1400507,1741321680,BTC,1574,206951,-0.1473,-0.0986,-0.0703,nan,0.0000,0,0.0000,0.00,0.0175
1400508,1741321740,BTC,1574,206951,-0.1473,-0.0986,-0.0703,nan,0.0000,0,0.0000,0.00,0.0175
1400509,1741321800,BTC,1581,206951,-0.1473,-0.0986,-0.0703,-nan,0.0000,0,0.0000,0.00,0.0175
1400510,1741321860,BTC,1581,206951,-0.1473,-0.0986,-0.0703,-nan,0.0000,0,0.0000,0.00,0.0175
1400511,1741321920,BTC,1581,206951,-0.1473,-0.0986,-0.0703,-nan,0.0000,0,0.0000,0.00,0.0175
1400512,1741321980,BTC,1581,206951,-0.1473,-0.0986,-0.0703,-nan,0.0000,0,0.0000,0.00,0.0175
1400513,1741322040,BTC,1581,206951,-0.1473,-0.0986,-0.0703,-nan,0.0000,0,0.0000,0.00,0.0175
1400514,1741322100,BTC,1581,206951,-0.1473,-0.0986,-0.0703,-nan,0.0000,0,0.0000,0.00,0.0175
1400515,1741322160,BTC,1581,206951,-0.1473,-0.0986,-0.0703,-nan,0.0000,0,0.0000,0.00,0.0175
1400516,1741322220,BTC,1581,206951,-0.1473,-0.0986,-0.0703,-nan,0.0000,0,0.0000,0.00,0.0175
1400517,1741322280,BTC,1581,206951,-0.1473,-0.0986,-0.0703,-nan,0.0000,0,0.0000,0.00,0.0175
1400518,1741322340,BTC,1581,206951,-0.1473,-0.0986,-0.0703,-nan,0.0000,0,0.0000,0.00,0.0175
1400519,1741322400,BTC,1581,206951,-0.1473,-0.0986,-0.0703,-nan,0.0000,0,0.0000,0.00,0.0175
1400520,1741322460,BTC,1581,206951,-0.1473,-0.0986,-0.0703,-nan,0.0000,0,0.0000,0.00,0.0175
1400521,1741322520,BTC,1581,206951,-0.1473,-0.0986,-0.0703,-nan,0.0000,0,0.0000,0.00,0.0175
1400522,1741322580,BTC,1581,206951,-0.1473,-0.0986,-0.0703,-nan,0.0000,0,0.0000,0.00,0.0175
1392257,1776984900,BTC,2500,2500,0.4722,-9.2067,0.0009,nan,-15997.5215,1323925,0.4649,-7948.76,366.0120
1400523,1741322640,BTC,1581,206951,-0.1473,-0.0986,-0.0703,-nan,0.0000,0,0.0000,0.00,0.0175
1400524,1741322700,BTC,1581,206951,-0.1473,-0.0986,-0.0703,-nan,0.0000,0,0.0000,0.00,0.0175
1400525,1741322760,BTC,1581,206951,-0.1473,-0.0986,-0.0703,-nan,0.0000,0,0.0000,0.00,0.0175
1400526,1741322820,BTC,1581,206951,-0.1473,-0.0986,-0.0703,-nan,0.0000,0,0.0000,0.00,0.0175
1400527,1741322880,BTC,1581,206951,-0.1473,-0.0986,-0.0703,-nan,0.0000,0,0.0000,0.00,0.0175
1400528,1741322940,BTC,1581,206951,-0.1473,-0.0986,-0.0703,-nan,0.0000,0,0.0000,0.00,0.0175
1400529,1741323000,BTC,1581,206951,-0.1473,-0.0986,-0.0703,-nan,0.0000,0,0.0000,0.00,0.0175
1400530,1741323060,BTC,1581,206951,-0.1473,-0.0986,-0.0703,-nan,0.0000,0,0.0000,0.00,0.0175
1400531,1741323120,BTC,1581,206951,-0.1473,-0.0986,-0.0703,-nan,0.0000,0,0.0000,0.00,0.0175
1400532,1741323180,BTC,1581,206951,-0.1473,-0.0986,-0.0703,-nan,0.0000,0,0.0000,0.00,0.0175
1400533,1741323240,BTC,1581,206951,-0.1473,-0.0986,-0.0703,-nan,0.0000,0,0.0000,0.00,0.0175
1400534,1741323300,BTC,1581,206951,-0.1473,-0.0986,-0.0703,-nan,0.0000,0,0.0000,0.00,0.0175
1400535,1741323360,BTC,1581,206951,-0.1473,-0.0986,-0.0703,-nan,0.0000,0,0.0000,0.00,0.0175
1400536,1741323420,BTC,1581,206951,-0.1473,-0.0986,-0.0703,-nan,0.0000,0,0.0000,0.00,0.0175
1400537,1741323480,BTC,1581,206951,-0.1473,-0.0986,-0.0703,-nan,0.0000,0,0.0000,0.00,0.0175
1400538,1741323540,BTC,1581,206951,-0.1473,-0.0986,-0.0703,-nan,0.0000,0,0.0000,0.00,0.0175
1400539,1741323600,BTC,1581,206951,-0.1473,-0.0986,-0.0703,-nan,0.0000,0,0.0000,0.00,0.0175
1400540,1741323660,BTC,1581,206951,-0.1473,-0.0986,-0.0703,-nan,0.0000,0,0.0000,0.00,0.0175
1400541,1741323720,BTC,1581,206951,-0.1473,-0.0986,-0.0703,-nan,0.0000,0,0.0000,0.00,0.0175
1400542,1741323780,BTC,1581,206951,-0.1473,-0.0986,-0.0703,-nan,0.0000,0,0.0000,0.00,0.0175
1400543,1741323840,BTC,1581,206951,-0.1473,-0.0986,-0.0703,-nan,0.0000,0,0.0000,0.00,0.0175
1400544,1741323900,BTC,1581,206951,-0.1473,-0.0986,-0.0703,-nan,0.0000,0,0.0000,0.00,0.0175
1400545,1741323960,BTC,1581,206951,-0.1473,-0.0986,-0.0703,-nan,0.0000,0,0.0000,0.00,0.0175
1392258,1776984960,BTC,2500,2500,0.4722,-9.2067,0.0009,nan,-15997.5615,1323926,0.4649,-7948.78,366.0120
1400546,1741324020,BTC,1581,206951,-0.1473,-0.0986,-0.0703,-nan,0.0000,0,0.0000,0.00,0.0175
1400547,1741324080,BTC,1574,206951,-0.1473,-0.0986,-0.0703,nan,0.0000,0,0.0000,0.00,0.0175
1400548,1741324140,BTC,1575,206951,-0.1473,-0.0986,-0.0703,nan,0.0000,0,0.0000,0.00,0.0175
1400549,1741324200,BTC,1574,206951,-0.1473,-0.0986,-0.0703,nan,0.0000,0,0.0000,0.00,0.0175
1400550,1741324260,BTC,1581,206951,-0.1473,-0.0986,-0.0703,-nan,0.0000,0,0.0000,0.00,0.0175
1400551,1741324320,BTC,1581,206951,-0.1473,-0.0986,-0.0703,-nan,0.0000,0,0.0000,0.00,0.0175
1400552,1741324380,BTC,1581,206951,-0.1473,-0.0986,-0.0703,-nan,0.0000,0,0.0000,0.00,0.0175
1400553,1741324440,BTC,1581,206951,-0.1473,-0.0986,-0.0703,-nan,0.0000,0,0.0000,0.00,0.0175
1400554,1741324500,BTC,1581,206951,-0.1473,-0.0986,-0.0703,-nan,0.0000,0,0.0000,0.00,0.0175
1400555,1741324560,BTC,1581,206951,-0.1473,-0.0986,-0.0703,-nan,0.0000,0,0.0000,0.00,0.0175
1400556,1741324620,BTC,1581,206951,-0.1473,-0.0986,-0.0703,-nan,0.0000,0,0.0000,0.00,0.0175
1400557,1741324680,BTC,1581,206951,-0.1473,-0.0986,-0.0703,-nan,0.0000,0,0.0000,0.00,0.0175
1400558,1741324740,BTC,1581,206951,-0.1473,-0.0986,-0.0703,-nan,0.0000,0,0.0000,0.00,0.0175
1400559,1741324800,BTC,1581,206951,-0.1473,-0.0986,-0.0703,-nan,0.0000,0,0.0000,0.00,0.0175
1400560,1741324860,BTC,1581,206951,-0.1473,-0.0986,-0.0703,-nan,0.0000,0,0.0000,0.00,0.0175
1400561,1741324920,BTC,1581,206951,-0.1473,-0.0986,-0.0703,-nan,0.0000,0,0.0000,0.00,0.0175
1400562,1741324980,BTC,1581,206951,-0.1473,-0.0986,-0.0703,-nan,0.0000,0,0.0000,0.00,0.0175
1400563,1741325040,BTC,1581,206951,-0.1473,-0.0986,-0.0703,-nan,0.0000,0,0.0000,0.00,0.0175
1400564,1741325100,BTC,1574,206951,-0.1473,-0.0986,-0.0703,nan,0.0000,0,0.0000,0.00,0.0175
1392259,1776985020,BTC,2500,2500,0.4722,-9.2067,0.0009,nan,-15997.5400,1323927,0.4649,-7948.77,366.0120
1400565,1741325160,BTC,1574,206951,-0.1473,-0.0986,-0.0703,nan,0.0000,0,0.0000,0.00,0.0175
1400566,1741325220,BTC,1581,206951,-0.1473,-0.0986,-0.0703,-nan,0.0000,0,0.0000,0.00,0.0175
1400567,1741325280,BTC,1581,206951,-0.1473,-0.0986,-0.0703,-nan,0.0000,0,0.0000,0.00,0.0175
1400568,1741325340,BTC,1581,206951,-0.1473,-0.0986,-0.0703,-nan,0.0000,0,0.0000,0.00,0.0175
1400569,1741325400,BTC,1581,206951,-0.1473,-0.0986,-0.0703,-nan,0.0000,0,0.0000,0.00,0.0175
1400570,1741325460,BTC,1581,206951,-0.1473,-0.0986,-0.0703,-nan,0.0000,0,0.0000,0.00,0.0175
1400571,1741325520,BTC,1581,206951,-0.1473,-0.0986,-0.0703,-nan,0.0000,0,0.0000,0.00,0.0175
1400572,1741325580,BTC,1581,206951,-0.1473,-0.0986,-0.0703,-nan,0.0000,0,0.0000,0.00,0.0175
1400573,1741325640,BTC,1581,206951,-0.1473,-0.0986,-0.0703,-nan,0.0000,0,0.0000,0.00,0.0175
1400574,1741325700,BTC,1581,206951,-0.1473,-0.0986,-0.0703,-nan,0.0000,0,0.0000,0.00,0.0175
1400575,1741325760,BTC,1581,206951,-0.1473,-0.0986,-0.0703,-nan,0.0000,0,0.0000,0.00,0.0175
1400576,1741325820,BTC,1581,206951,-0.1473,-0.0986,-0.0703,-nan,0.0000,0,0.0000,0.00,0.0175
1400577,1741325880,BTC,1581,206951,-0.1473,-0.0986,-0.0703,-nan,0.0000,0,0.0000,0.00,0.0175
1400578,1741325940,BTC,1581,206951,-0.1473,-0.0986,-0.0703,-nan,0.0000,0,0.0000,0.00,0.0175
1400579,1741326000,BTC,1581,206951,-0.1473,-0.0986,-0.0703,-nan,0.0000,0,0.0000,0.00,0.0175
1400580,1741326060,BTC,1581,206951,-0.1473,-0.0986,-0.0703,-nan,0.0000,0,0.0000,0.00,0.0175
1400581,1741326120,BTC,1581,206951,-0.1473,-0.0986,-0.0703,-nan,0.0000,0,0.0000,0.00,0.0175
1400582,1741326180,BTC,1581,206951,-0.1473,-0.0986,-0.0703,-nan,0.0000,0,0.0000,0.00,0.0175
1400583,1741326240,BTC,1581,206951,-0.1473,-0.0986,-0.0703,-nan,0.0000,0,0.0000,0.00,0.0175
1392260,1776985080,BTC,2500,2500,0.4722,-9.2067,0.0009,nan,-15997.5205,1323928,0.4649,-7948.76,366.0120
1400584,1741326300,BTC,1581,206951,-0.1473,-0.0986,-0.0703,-nan,0.0000,0,0.0000,0.00,0.0175
1400585,1741326360,BTC,1581,206951,-0.1473,-0.0986,-0.0703,-nan,0.0000,0,0.0000,0.00,0.0175
1400586,1741326420,BTC,1581,206951,-0.1473,-0.0986,-0.0703,-nan,0.0000,0,0.0000,0.00,0.0175
1400587,1741326480,BTC,1581,206951,-0.1473,-0.0986,-0.0703,-nan,0.0000,0,0.0000,0.00,0.0175
1400588,1741326540,BTC,1581,206951,-0.1473,-0.0986,-0.0703,-nan,0.0000,0,0.0000,0.00,0.0175
1400589,1741326600,BTC,1581,206951,-0.1473,-0.0986,-0.0703,-nan,0.0000,0,0.0000,0.00,0.0175
1400590,1741326660,BTC,1581,206951,-0.1473,-0.0986,-0.0703,-nan,0.0000,0,0.0000,0.00,0.0175
1400591,1741326720,BTC,1581,206951,-0.1473,-0.0986,-0.0703,-nan,0.0000,0,0.0000,0.00,0.0175
1400592,1741326780,BTC,1581,206951,-0.1473,-0.0986,-0.0703,-nan,0.0000,0,0.0000,0.00,0.0175
1400593,1741326840,BTC,1581,206951,-0.1473,-0.0986,-0.0703,-nan,0.0000,0,0.0000,0.00,0.0175
1400594,1741326900,BTC,1581,206951,-0.1473,-0.0986,-0.0703,-nan,0.0000,0,0.0000,0.00,0.0175
1400595,1741326960,BTC,1581,206951,-0.1473,-0.0986,-0.0703,-nan,0.0000,0,0.0000,0.00,0.0175
1400596,1741327020,BTC,1581,206951,-0.1473,-0.0986,-0.0703,-nan,0.0000,0,0.0000,0.00,0.0175
1400597,1741327080,BTC,1581,206951,-0.1473,-0.0986,-0.0703,-nan,0.0000,0,0.0000,0.00,0.0175
1400598,1741327140,BTC,1581,206951,-0.1473,-0.0986,-0.0703,-nan,0.0000,0,0.0000,0.00,0.0175
1400599,1741327200,BTC,1574,206951,-0.1473,-0.0986,-0.0703,nan,0.0000,0,0.0000,0.00,0.0175
1400600,1741327260,BTC,1574,206951,-0.1473,-0.0986,-0.0703,nan,0.0000,0,0.0000,0.00,0.0175
1400601,1741327320,BTC,1574,206951,-0.1473,-0.0986,-0.0703,nan,0.0000,0,0.0000,0.00,0.0175
1392261,1776985140,BTC,2500,2500,0.4722,-9.2067,0.0009,nan,-15997.5605,1323929,0.4649,-7948.78,366.0120
1400602,1741327380,BTC,1574,206951,-0.1473,-0.0986,-0.0703,nan,0.0000,0,0.0000,0.00,0.0175
1400603,1741327440,BTC,1581,206951,-0.1473,-0.0986,-0.0703,-nan,0.0000,0,0.0000,0.00,0.0175
1400604,1741327500,BTC,1581,206951,-0.1473,-0.0986,-0.0703,-nan,0.0000,0,0.0000,0.00,0.0175
1400605,1741327560,BTC,1581,206951,-0.1473,-0.0986,-0.0703,-nan,0.0000,0,0.0000,0.00,0.0175
1400606,1741327620,BTC,1581,206951,-0.1473,-0.0986,-0.0703,-nan,0.0000,0,0.0000,0.00,0.0175
1400607,1741327680,BTC,1581,206951,-0.1473,-0.0986,-0.0703,-nan,0.0000,0,0.0000,0.00,0.0175
1400608,1741327740,BTC,1581,206951,-0.1473,-0.0986,-0.0703,-nan,0.0000,0,0.0000,0.00,0.0175
1400609,1741327800,BTC,1581,206951,-0.1473,-0.0986,-0.0703,-nan,0.0000,0,0.0000,0.00,0.0175
1400610,1741327860,BTC,1574,206951,-0.1473,-0.0986,-0.0703,nan,0.0000,0,0.0000,0.00,0.0175
1400611,1741327920,BTC,1574,206951,-0.1473,-0.0986,-0.0703,nan,0.0000,0,0.0000,0.00,0.0175
1400612,1741327980,BTC,1581,206951,-0.1473,-0.0986,-0.0703,-nan,0.0000,0,0.0000,0.00,0.0175
1400613,1741328040,BTC,1581,206951,-0.1473,-0.0986,-0.0703,-nan,0.0000,0,0.0000,0.00,0.0175
1400614,1741328100,BTC,1581,206951,-0.1473,-0.0986,-0.0703,-nan,0.0000,0,0.0000,0.00,0.0175
1400615,1741328160,BTC,1581,206951,-0.1473,-0.0986,-0.0703,-nan,0.0000,0,0.0000,0.00,0.0175
1400616,1741328220,BTC,1581,206951,-0.1473,-0.0986,-0.0703,-nan,0.0000,0,0.0000,0.00,0.0175
1400617,1741328280,BTC,1581,206951,-0.1473,-0.0986,-0.0703,-nan,0.0000,0,0.0000,0.00,0.0175
1400618,1741328340,BTC,1581,206951,-0.1473,-0.0986,-0.0703,-nan,0.0000,0,0.0000,0.00,0.0175
1400619,1741328400,BTC,1581,206951,-0.1473,-0.0986,-0.0703,-nan,0.0000,0,0.0000,0.00,0.0175
1400620,1741328460,BTC,1581,206951,-0.1473,-0.0986,-0.0703,-nan,0.0000,0,0.0000,0.00,0.0175
1400621,1741328520,BTC,1581,206951,-0.1473,-0.0986,-0.0703,-nan,0.0000,0,0.0000,0.00,0.0175
1392262,1776985200,BTC,2500,2500,0.4722,-9.2067,0.0009,nan,-15997.5400,1323930,0.4649,-7948.77,366.0120
1400622,1741328580,BTC,1581,206951,-0.1473,-0.0986,-0.0703,-nan,0.0000,0,0.0000,0.00,0.0175
1400623,1741328700,BTC,1581,206951,-0.1473,-0.0986,-0.0703,-nan,0.0000,0,0.0000,0.00,0.0175
1400624,1741328760,BTC,1581,206951,-0.1473,-0.0986,-0.0703,-nan,0.0000,0,0.0000,0.00,0.0175
1400625,1741328820,BTC,1581,206951,-0.1473,-0.0986,-0.0703,-nan,0.0000,0,0.0000,0.00,0.0175
1400626,1741328880,BTC,1581,206951,-0.1473,-0.0986,-0.0703,-nan,0.0000,0,0.0000,0.00,0.0175
1400627,1741328940,BTC,1581,206951,-0.1473,-0.0986,-0.0703,-nan,0.0000,0,0.0000,0.00,0.0175
1400628,1741329000,BTC,1581,206951,-0.1473,-0.0986,-0.0703,-nan,0.0000,0,0.0000,0.00,0.0175
1400629,1741329060,BTC,1581,206951,-0.1473,-0.0986,-0.0703,-nan,0.0000,0,0.0000,0.00,0.0175
1400630,1741329120,BTC,1581,206951,-0.1473,-0.0986,-0.0703,-nan,0.0000,0,0.0000,0.00,0.0175
1400631,1741329180,BTC,1581,206951,-0.1473,-0.0986,-0.0703,-nan,0.0000,0,0.0000,0.00,0.0175
1400632,1741329240,BTC,1581,206951,-0.1473,-0.0986,-0.0703,-nan,0.0000,0,0.0000,0.00,0.0175
1400633,1741329300,BTC,1581,206951,-0.1473,-0.0986,-0.0703,-nan,0.0000,0,0.0000,0.00,0.0175
1400634,1741329360,BTC,1581,206951,-0.1473,-0.0986,-0.0703,-nan,0.0000,0,0.0000,0.00,0.0175
1400635,1741329420,BTC,1581,206951,-0.1473,-0.0986,-0.0703,-nan,0.0000,0,0.0000,0.00,0.0175
1400636,1741329480,BTC,1581,206951,-0.1473,-0.0986,-0.0703,-nan,0.0000,0,0.0000,0.00,0.0175
1400637,1741329540,BTC,1581,206951,-0.1473,-0.0986,-0.0703,-nan,0.0000,0,0.0000,0.00,0.0175
1400638,1741329600,BTC,1581,206951,-0.1473,-0.0986,-0.0703,-nan,0.0000,0,0.0000,0.00,0.0175
1392263,1776985260,BTC,2500,2500,0.4722,-9.2067,0.0009,nan,-15997.5801,1323931,0.4649,-7948.79,366.0120
1400639,1741329660,BTC,1581,206951,-0.1473,-0.0986,-0.0703,-nan,0.0000,0,0.0000,0.00,0.0175
1400640,1741329720,BTC,1581,206951,-0.1473,-0.0986,-0.0703,-nan,0.0000,0,0.0000,0.00,0.0175
1400641,1741329780,BTC,1581,206951,-0.1473,-0.0986,-0.0703,-nan,0.0000,0,0.0000,0.00,0.0175
1400642,1741329840,BTC,1581,206951,-0.1473,-0.0986,-0.0703,-nan,0.0000,0,0.0000,0.00,0.0175
1400643,1741329900,BTC,1580,206951,-0.1473,-0.0986,-0.0703,nan,0.0000,0,0.0000,0.00,0.0175
1400644,1741329960,BTC,1580,206951,-0.1473,-0.0986,-0.0703,nan,0.0000,0,0.0000,0.00,0.0175
1400645,1741330020,BTC,1580,206951,-0.1473,-0.0986,-0.0703,nan,0.0000,0,0.0000,0.00,0.0175
1400646,1741330080,BTC,1573,206951,-0.1473,-0.0986,-0.0703,nan,0.0000,0,0.0000,0.00,0.0175
1400647,1741330140,BTC,1580,206951,-0.1473,-0.0986,-0.0703,nan,0.0000,0,0.0000,0.00,0.0175
1400648,1741330200,BTC,1580,206951,-0.1473,-0.0986,-0.0703,nan,0.0000,0,0.0000,0.00,0.0175
1400649,1741330260,BTC,1573,206951,-0.1473,-0.0986,-0.0703,nan,0.0000,0,0.0000,0.00,0.0175
1400650,1741330320,BTC,1574,206951,-0.1473,-0.0986,-0.0703,nan,0.0000,0,0.0000,0.00,0.0175
1400651,1741330380,BTC,1574,206951,-0.1473,-0.0986,-0.0703,nan,0.0000,0,0.0000,0.00,0.0175
1400652,1741330440,BTC,1580,206951,-0.1473,-0.0986,-0.0703,nan,0.0000,0,0.0000,0.00,0.0175
1392264,1776985320,BTC,2500,2500,0.4722,-9.2067,0.0009,nan,-15997.5605,1323932,0.4649,-7948.78,366.0120
1400653,1741330500,BTC,1580,206951,-0.1473,-0.0986,-0.0703,nan,0.0000,0,0.0000,0.00,0.0175
1400654,1741330560,BTC,1580,206951,-0.1473,-0.0986,-0.0703,nan,0.0000,0,0.0000,0.00,0.0175
1400655,1741330620,BTC,1580,206951,-0.1473,-0.0986,-0.0703,nan,0.0000,0,0.0000,0.00,0.0175
1400656,1741330680,BTC,1580,206951,-0.1473,-0.0986,-0.0703,nan,0.0000,0,0.0000,0.00,0.0175
1400657,1741330740,BTC,1580,206951,-0.1473,-0.0986,-0.0703,nan,0.0000,0,0.0000,0.00,0.0175
1400658,1741330800,BTC,1580,206951,-0.1473,-0.0986,-0.0703,nan,0.0000,0,0.0000,0.00,0.0175
1400659,1741330860,BTC,1580,206951,-0.1473,-0.0986,-0.0703,nan,0.0000,0,0.0000,0.00,0.0175
1400660,1741330920,BTC,1580,206951,-0.1473,-0.0986,-0.0703,nan,0.0000,0,0.0000,0.00,0.0175
1400661,1741330980,BTC,1580,206951,-0.1473,-0.0986,-0.0703,nan,0.0000,0,0.0000,0.00,0.0175
1400662,1741331040,BTC,1580,206951,-0.1473,-0.0986,-0.0703,nan,0.0000,0,0.0000,0.00,0.0175
1400663,1741331100,BTC,1580,206951,-0.1473,-0.0986,-0.0703,nan,0.0000,0,0.0000,0.00,0.0175
1400664,1741331160,BTC,1580,206951,-0.1473,-0.0986,-0.0703,nan,0.0000,0,0.0000,0.00,0.0175
1400665,1741331220,BTC,1580,206951,-0.1473,-0.0986,-0.0703,nan,0.0000,0,0.0000,0.00,0.0175
1400666,1741331280,BTC,1580,206951,-0.1473,-0.0986,-0.0703,nan,0.0000,0,0.0000,0.00,0.0175
1400667,1741331340,BTC,1580,206951,-0.1473,-0.0986,-0.0703,nan,0.0000,0,0.0000,0.00,0.0175
1400668,1741331400,BTC,1580,206951,-0.1473,-0.0986,-0.0703,nan,0.0000,0,0.0000,0.00,0.0175
1400669,1741331460,BTC,1575,206951,-0.1473,-0.0986,-0.0703,nan,0.0000,0,0.0000,0.00,0.0175
1400670,1741331520,BTC,1581,206951,-0.1473,-0.0986,-0.0703,-nan,0.0000,0,0.0000,0.00,0.0175
1400671,1741331580,BTC,1574,206951,-0.1473,-0.0986,-0.0703,nan,0.0000,0,0.0000,0.00,0.0175
1392265,1776985380,BTC,2500,2500,0.4722,-9.2067,0.0009,nan,-15997.5391,1323933,0.4649,-7948.77,366.0120
1400672,1741331640,BTC,1574,206951,-0.1473,-0.0986,-0.0703,nan,0.0000,0,0.0000,0.00,0.0175
1400673,1741331700,BTC,1581,206951,-0.1473,-0.0986,-0.0703,-nan,0.0000,0,0.0000,0.00,0.0175
1400674,1741331760,BTC,1581,206951,-0.1473,-0.0986,-0.0703,-nan,0.0000,0,0.0000,0.00,0.0175
